Age,Years_of_Experience,Education_Level,Certifications_Count,Previous_Employers,Tech_Skill_Score,Communication_Score,Problem_Solving_Score,Leadership_Score,Teamwork_Score,Work_Life_Balance_Score,Current_CTC,Expected_CTC,Notice_Period_Days,Job_Changes_Count,Projects_Completed,Hackathons_Participated,Client_Interaction_Score,Python_Proficiency,SQL_Proficiency,Target
50.0,4.0,2.0,1.0,3.0,86.0,70.0,61.0,98.0,48.0,52.0,4.19,16.7,31.0,0.0,6.0,2.0,91.0,42.0,58.0,1
60.0,0.0,1.0,5.0,0.0,63.0,81.0,84.0,34.0,72.0,72.0,10.38,19.86,35.0,3.0,0.0,0.0,69.0,0.0,79.0,1
18.0,12.0,1.0,3.0,3.0,81.0,57.0,54.0,37.0,85.0,92.0,7.63,1.0,23.0,2.0,1.0,0.0,44.0,66.0,65.0,0
19.0,2.0,5.0,1.0,4.0,63.0,74.0,100.0,85.0,76.0,74.0,2.92,1.0,54.0,2.0,14.0,5.0,89.0,100.0,69.0,0
60.0,0.0,2.0,-0.0,0.0,77.0,84.0,53.0,89.0,39.0,80.0,18.53,12.03,32.0,5.0,8.0,4.0,71.0,23.0,94.0,0
51.0,6.0,3.0,0.0,0.0,61.0,70.0,37.0,100.0,44.0,53.0,1.0,16.32,0.0,6.0,17.0,1.0,68.0,53.0,63.0,0
55.0,0.0,1.0,1.0,4.0,69.0,73.0,68.0,0.0,43.0,71.0,5.05,1.0,10.0,4.0,23.0,11.0,12.0,44.0,68.0,0
44.0,6.0,5.0,4.0,-0.0,93.0,60.0,69.0,60.0,71.0,76.0,3.66,13.22,-0.0,5.0,3.0,0.0,63.0,62.0,65.0,0
48.0,8.0,5.0,4.0,2.0,79.0,76.0,41.0,92.0,28.0,90.0,1.0,21.7,56.0,6.0,12.0,5.0,98.0,90.0,50.0,0
34.0,4.0,4.0,3.0,2.0,81.0,82.0,60.0,64.0,76.0,70.0,10.43,7.12,58.0,1.0,0.0,0.0,43.0,26.0,82.0,0
27.0,6.0,4.0,5.0,8.0,79.0,73.0,89.0,74.0,76.0,61.0,1.0,12.83,52.0,2.0,9.0,1.0,100.0,100.0,82.0,0
21.0,14.0,5.0,1.0,0.0,76.0,60.0,0.0,100.0,73.0,87.0,16.41,25.87,32.0,7.0,9.0,6.0,100.0,100.0,69.0,0
60.0,9.0,3.0,0.0,0.0,54.0,62.0,50.0,90.0,72.0,69.0,1.0,15.7,21.0,5.0,16.0,1.0,58.0,73.0,63.0,1
60.0,1.0,1.0,2.0,1.0,63.0,54.0,54.0,30.0,24.0,78.0,3.73,2.77,45.0,3.0,11.0,6.0,30.0,0.0,64.0,0
60.0,0.0,2.0,5.0,3.0,68.0,69.0,73.0,59.0,72.0,100.0,9.29,18.5,37.0,0.0,0.0,0.0,77.0,0.0,83.0,1
38.0,7.0,2.0,0.0,0.0,72.0,62.0,100.0,44.0,80.0,81.0,4.08,1.7,44.0,-0.0,5.0,-0.0,61.0,92.0,48.0,1
60.0,0.0,4.0,5.0,6.0,92.0,58.0,62.0,89.0,94.0,81.0,11.67,19.56,30.0,-0.0,0.0,1.0,100.0,28.0,100.0,1
60.0,0.0,1.0,0.0,0.0,68.0,77.0,55.0,57.0,19.0,69.0,1.0,1.0,37.0,5.0,28.0,9.0,26.0,28.0,64.0,0
18.0,13.0,3.0,1.0,0.0,70.0,54.0,73.0,67.0,38.0,72.0,9.66,4.43,0.0,3.0,8.0,4.0,59.0,100.0,74.0,1
52.0,14.0,3.0,0.0,2.0,41.0,67.0,32.0,87.0,61.0,73.0,6.59,16.01,10.0,0.0,5.0,7.0,79.0,100.0,60.0,1
18.0,6.0,4.0,1.0,0.0,90.0,57.0,15.0,97.0,31.0,94.0,14.61,1.0,51.0,8.0,14.0,4.0,27.0,78.0,60.0,0
60.0,0.0,1.0,2.0,3.0,75.0,70.0,62.0,100.0,82.0,58.0,16.66,18.4,60.0,0.0,0.0,0.0,100.0,0.0,66.0,1
29.0,1.0,4.0,6.0,10.0,48.0,79.0,83.0,51.0,100.0,45.0,6.68,1.04,39.0,0.0,0.0,3.0,77.0,97.0,76.0,1
18.0,9.0,2.0,2.0,4.0,87.0,69.0,52.0,85.0,48.0,73.0,9.02,1.0,25.0,3.0,11.0,3.0,66.0,100.0,47.0,0
60.0,4.0,2.0,0.0,0.0,67.0,68.0,38.0,100.0,79.0,60.0,1.0,14.55,19.0,5.0,20.0,3.0,71.0,76.0,69.0,0
43.0,4.0,4.0,7.0,7.0,80.0,47.0,94.0,37.0,96.0,94.0,4.87,9.88,53.0,1.0,0.0,-0.0,91.0,73.0,94.0,1
41.0,5.0,2.0,3.0,1.0,61.0,79.0,54.0,37.0,53.0,73.0,4.43,1.98,10.0,4.0,8.0,2.0,37.0,37.0,72.0,0
36.0,12.0,1.0,7.0,10.0,70.0,76.0,86.0,37.0,39.0,63.0,1.0,11.94,24.0,0.0,2.0,2.0,100.0,71.0,71.0,0
60.0,0.0,1.0,0.0,3.0,52.0,70.0,42.0,76.0,34.0,64.0,8.82,1.0,35.0,2.0,19.0,8.0,66.0,28.0,51.0,0
36.0,4.0,5.0,-0.0,1.0,97.0,64.0,76.0,100.0,22.0,92.0,4.45,21.23,30.0,1.0,7.0,3.0,86.0,67.0,70.0,0
52.0,3.0,1.0,5.0,1.0,80.0,74.0,93.0,13.0,100.0,61.0,9.02,6.25,20.0,1.0,0.0,0.0,45.0,0.0,73.0,1
60.0,5.0,1.0,4.0,0.0,64.0,54.0,87.0,21.0,50.0,80.0,6.89,13.31,32.0,3.0,0.0,0.0,72.0,0.0,85.0,1
18.0,14.0,2.0,5.0,9.0,88.0,90.0,13.0,90.0,25.0,78.0,9.73,10.54,31.0,-0.0,1.0,4.0,62.0,64.0,88.0,1
33.0,12.0,1.0,3.0,10.0,60.0,82.0,100.0,94.0,28.0,71.0,1.0,18.43,38.0,0.0,5.0,5.0,100.0,100.0,75.0,0
23.0,9.0,5.0,3.0,0.0,78.0,71.0,29.0,95.0,81.0,42.0,9.04,11.39,33.0,7.0,10.0,5.0,76.0,100.0,80.0,0
60.0,6.0,5.0,3.0,0.0,69.0,57.0,23.0,100.0,55.0,48.0,4.3,32.16,55.0,6.0,4.0,3.0,95.0,61.0,71.0,0
60.0,0.0,3.0,8.0,3.0,71.0,62.0,97.0,0.0,74.0,73.0,9.47,18.9,9.0,0.0,0.0,0.0,28.0,0.0,63.0,1
24.0,0.0,1.0,1.0,2.0,100.0,68.0,71.0,46.0,80.0,72.0,15.13,1.0,25.0,1.0,6.0,2.0,31.0,51.0,47.0,0
23.0,7.0,1.0,2.0,0.0,74.0,71.0,86.0,48.0,85.0,44.0,9.96,1.78,42.0,4.0,7.0,0.0,79.0,100.0,76.0,1
56.0,4.0,2.0,2.0,-0.0,79.0,76.0,77.0,54.0,63.0,93.0,4.79,14.28,30.0,2.0,0.0,0.0,68.0,4.0,67.0,1
48.0,4.0,1.0,3.0,2.0,56.0,83.0,82.0,37.0,60.0,69.0,10.72,10.8,33.0,1.0,0.0,0.0,96.0,2.0,82.0,1
54.0,8.0,5.0,3.0,4.0,71.0,64.0,50.0,100.0,9.0,48.0,1.0,31.65,0.0,2.0,8.0,4.0,100.0,66.0,41.0,0
18.0,6.0,2.0,3.0,10.0,73.0,64.0,100.0,69.0,58.0,58.0,1.0,1.3,14.0,-0.0,12.0,1.0,100.0,100.0,66.0,0
22.0,11.0,4.0,6.0,10.0,91.0,66.0,100.0,45.0,63.0,68.0,6.49,6.72,12.0,0.0,0.0,3.0,78.0,100.0,72.0,1
55.0,4.0,1.0,0.0,0.0,73.0,80.0,85.0,79.0,100.0,82.0,9.78,12.71,40.0,0.0,5.0,0.0,100.0,99.0,63.0,1
60.0,0.0,5.0,3.0,1.0,93.0,100.0,100.0,71.0,100.0,60.0,11.7,12.98,34.0,1.0,0.0,0.0,93.0,30.0,84.0,1
55.0,3.0,1.0,6.0,0.0,53.0,73.0,61.0,0.0,47.0,52.0,11.66,1.0,13.0,7.0,10.0,7.0,54.0,66.0,72.0,0
60.0,0.0,1.0,5.0,8.0,84.0,76.0,59.0,70.0,66.0,68.0,3.81,21.28,12.0,0.0,0.0,0.0,75.0,0.0,49.0,1
48.0,0.0,3.0,3.0,4.0,64.0,56.0,74.0,47.0,53.0,69.0,5.85,1.0,26.0,1.0,5.0,4.0,35.0,19.0,80.0,0
33.0,4.0,5.0,3.0,1.0,57.0,70.0,45.0,81.0,86.0,54.0,6.77,8.81,24.0,5.0,6.0,2.0,55.0,89.0,100.0,0
42.0,0.0,1.0,0.0,0.0,63.0,75.0,74.0,77.0,57.0,78.0,15.7,2.69,35.0,6.0,14.0,4.0,71.0,83.0,58.0,0
60.0,4.0,1.0,5.0,10.0,53.0,68.0,12.0,41.0,44.0,57.0,1.0,8.5,14.0,-0.0,8.0,6.0,65.0,2.0,63.0,0
60.0,0.0,1.0,0.0,3.0,60.0,69.0,42.0,100.0,19.0,48.0,10.18,7.51,35.0,0.0,13.0,5.0,62.0,0.0,62.0,0
33.0,0.0,5.0,1.0,0.0,73.0,89.0,58.0,100.0,51.0,48.0,12.58,13.65,33.0,4.0,8.0,1.0,84.0,42.0,84.0,0
18.0,16.0,4.0,1.0,7.0,61.0,28.0,30.0,100.0,47.0,66.0,6.74,8.35,27.0,0.0,4.0,7.0,61.0,100.0,91.0,1
30.0,14.0,3.0,3.0,3.0,51.0,72.0,64.0,47.0,77.0,66.0,9.56,6.33,16.0,0.0,1.0,4.0,70.0,100.0,85.0,1
43.0,11.0,1.0,0.0,-0.0,57.0,60.0,91.0,28.0,91.0,86.0,4.89,5.78,40.0,0.0,0.0,0.0,51.0,37.0,76.0,1
50.0,1.0,3.0,0.0,0.0,80.0,77.0,90.0,86.0,86.0,89.0,9.88,6.84,26.0,3.0,13.0,3.0,88.0,100.0,75.0,1
39.0,6.0,1.0,3.0,6.0,72.0,75.0,82.0,59.0,0.0,61.0,1.0,8.61,30.0,1.0,11.0,4.0,67.0,17.0,67.0,0
60.0,9.0,1.0,0.0,0.0,96.0,58.0,58.0,26.0,68.0,75.0,2.62,5.02,27.0,7.0,15.0,4.0,61.0,95.0,49.0,0
31.0,4.0,3.0,5.0,5.0,36.0,72.0,74.0,48.0,96.0,58.0,10.3,3.33,43.0,3.0,4.0,2.0,84.0,100.0,80.0,1
60.0,1.0,1.0,3.0,0.0,86.0,79.0,91.0,47.0,100.0,36.0,9.07,20.8,11.0,2.0,0.0,0.0,99.0,0.0,44.0,1
57.0,-0.0,1.0,0.0,0.0,69.0,73.0,53.0,73.0,59.0,68.0,10.47,3.09,28.0,3.0,14.0,5.0,60.0,52.0,69.0,0
18.0,2.0,2.0,6.0,7.0,98.0,95.0,81.0,27.0,100.0,57.0,15.21,1.0,37.0,1.0,1.0,2.0,69.0,100.0,78.0,1
18.0,11.0,2.0,7.0,7.0,76.0,74.0,64.0,2.0,89.0,93.0,1.0,1.0,29.0,5.0,9.0,2.0,56.0,100.0,74.0,0
60.0,4.0,1.0,3.0,0.0,54.0,68.0,100.0,0.0,65.0,90.0,11.1,9.88,34.0,3.0,0.0,0.0,49.0,0.0,86.0,1
18.0,8.0,5.0,5.0,3.0,55.0,68.0,59.0,78.0,73.0,69.0,18.96,8.96,0.0,2.0,0.0,2.0,72.0,100.0,69.0,1
49.0,0.0,3.0,0.0,0.0,46.0,57.0,67.0,89.0,38.0,66.0,16.54,6.86,5.0,8.0,15.0,5.0,71.0,57.0,82.0,0
28.0,4.0,1.0,0.0,2.0,59.0,80.0,62.0,100.0,81.0,77.0,11.36,9.01,69.0,0.0,12.0,-0.0,100.0,100.0,51.0,1
18.0,10.0,1.0,4.0,2.0,60.0,88.0,39.0,88.0,33.0,78.0,15.01,16.01,43.0,3.0,-0.0,0.0,92.0,35.0,86.0,1
60.0,19.0,1.0,0.0,9.0,100.0,76.0,0.0,69.0,99.0,79.0,1.0,15.7,45.0,0.0,9.0,7.0,95.0,100.0,62.0,1
58.0,2.0,1.0,5.0,6.0,64.0,84.0,81.0,13.0,77.0,39.0,9.46,4.2,33.0,0.0,0.0,0.0,38.0,0.0,60.0,1
31.0,-0.0,1.0,1.0,3.0,73.0,60.0,22.0,100.0,57.0,38.0,15.86,16.31,37.0,3.0,7.0,0.0,100.0,31.0,58.0,1
47.0,8.0,1.0,-0.0,0.0,81.0,45.0,100.0,29.0,53.0,79.0,7.1,6.24,26.0,3.0,6.0,0.0,72.0,58.0,63.0,1
33.0,10.0,5.0,3.0,9.0,65.0,67.0,40.0,100.0,49.0,39.0,4.86,18.24,41.0,0.0,-0.0,5.0,89.0,84.0,44.0,1
22.0,4.0,1.0,0.0,0.0,65.0,56.0,32.0,100.0,39.0,90.0,15.76,16.28,49.0,5.0,10.0,0.0,99.0,36.0,74.0,1
18.0,12.0,3.0,1.0,2.0,73.0,34.0,5.0,100.0,42.0,78.0,15.45,14.28,46.0,2.0,2.0,1.0,67.0,65.0,36.0,1
33.0,4.0,2.0,1.0,4.0,78.0,56.0,67.0,100.0,65.0,78.0,6.2,16.53,5.0,0.0,4.0,0.0,100.0,60.0,67.0,1
46.0,0.0,1.0,8.0,4.0,69.0,81.0,84.0,0.0,83.0,54.0,17.73,1.0,27.0,3.0,0.0,0.0,65.0,0.0,71.0,1
44.0,7.0,4.0,0.0,0.0,97.0,90.0,77.0,46.0,72.0,41.0,10.69,4.74,15.0,6.0,6.0,1.0,34.0,62.0,80.0,0
24.0,18.0,1.0,0.0,8.0,80.0,73.0,0.0,75.0,67.0,70.0,8.85,2.2,45.0,0.0,9.0,9.0,56.0,100.0,47.0,1
34.0,2.0,3.0,6.0,4.0,54.0,77.0,100.0,0.0,100.0,77.0,14.13,1.0,30.0,1.0,0.0,3.0,56.0,100.0,47.0,1
40.0,12.0,3.0,5.0,10.0,80.0,74.0,100.0,76.0,51.0,76.0,1.0,20.62,65.0,0.0,2.0,4.0,100.0,100.0,53.0,0
54.0,0.0,2.0,4.0,1.0,68.0,83.0,79.0,18.0,20.0,52.0,12.91,1.0,35.0,5.0,10.0,8.0,26.0,10.0,68.0,0
18.0,10.0,2.0,1.0,6.0,48.0,65.0,36.0,100.0,8.0,71.0,12.34,1.0,35.0,1.0,11.0,3.0,59.0,98.0,86.0,1
57.0,0.0,1.0,0.0,2.0,21.0,100.0,90.0,100.0,44.0,56.0,1.35,21.09,33.0,1.0,12.0,0.0,100.0,39.0,49.0,1
37.0,11.0,3.0,0.0,0.0,68.0,57.0,56.0,94.0,93.0,76.0,7.65,17.39,44.0,3.0,3.0,0.0,82.0,85.0,50.0,0
60.0,2.0,3.0,5.0,5.0,58.0,40.0,79.0,46.0,74.0,68.0,4.59,15.22,33.0,0.0,0.0,0.0,58.0,0.0,57.0,1
60.0,12.0,1.0,1.0,3.0,78.0,83.0,76.0,64.0,100.0,77.0,4.39,18.38,45.0,0.0,0.0,1.0,100.0,100.0,66.0,1
44.0,7.0,1.0,3.0,4.0,64.0,98.0,69.0,66.0,92.0,58.0,10.32,17.92,24.0,0.0,0.0,0.0,100.0,27.0,58.0,1
60.0,10.0,1.0,4.0,0.0,88.0,83.0,59.0,0.0,57.0,75.0,5.59,4.97,20.0,7.0,10.0,5.0,50.0,72.0,90.0,0
19.0,5.0,3.0,0.0,0.0,69.0,66.0,48.0,100.0,9.0,74.0,8.24,14.08,37.0,2.0,15.0,4.0,87.0,82.0,79.0,1
58.0,6.0,3.0,1.0,0.0,63.0,73.0,50.0,58.0,66.0,59.0,3.42,11.67,31.0,6.0,10.0,3.0,63.0,64.0,65.0,0
18.0,5.0,1.0,2.0,0.0,58.0,65.0,89.0,78.0,70.0,100.0,14.85,8.52,2.0,2.0,-0.0,0.0,94.0,63.0,89.0,1
20.0,2.0,1.0,5.0,7.0,61.0,89.0,100.0,49.0,100.0,96.0,11.0,1.73,31.0,0.0,2.0,0.0,100.0,100.0,66.0,1
35.0,0.0,1.0,2.0,1.0,69.0,93.0,46.0,61.0,30.0,82.0,11.35,1.0,25.0,4.0,12.0,4.0,55.0,30.0,49.0,1
21.0,11.0,5.0,5.0,0.0,80.0,92.0,9.0,71.0,100.0,86.0,9.82,8.96,44.0,9.0,7.0,3.0,54.0,100.0,83.0,0
18.0,5.0,3.0,0.0,3.0,69.0,79.0,74.0,100.0,0.0,56.0,3.37,14.77,40.0,3.0,16.0,3.0,100.0,93.0,59.0,0
40.0,7.0,4.0,4.0,2.0,84.0,77.0,81.0,54.0,67.0,100.0,8.0,10.71,13.0,3.0,4.0,4.0,91.0,100.0,87.0,1
57.0,1.0,1.0,-0.0,0.0,72.0,93.0,60.0,52.0,39.0,82.0,18.99,3.34,50.0,4.0,8.0,5.0,47.0,23.0,89.0,0
30.0,1.0,1.0,1.0,4.0,59.0,66.0,52.0,46.0,54.0,71.0,7.97,1.0,8.0,1.0,11.0,3.0,36.0,34.0,60.0,0
18.0,7.0,5.0,3.0,8.0,74.0,46.0,90.0,100.0,0.0,72.0,5.47,13.89,51.0,0.0,1.0,3.0,68.0,67.0,81.0,1
60.0,0.0,3.0,4.0,1.0,64.0,67.0,72.0,74.0,92.0,61.0,7.86,27.26,18.0,1.0,0.0,0.0,99.0,0.0,100.0,1
20.0,8.0,2.0,3.0,6.0,89.0,84.0,62.0,100.0,24.0,72.0,1.0,20.39,31.0,3.0,10.0,-0.0,100.0,76.0,72.0,0
18.0,9.0,2.0,3.0,6.0,49.0,95.0,100.0,31.0,72.0,78.0,1.0,1.0,22.0,4.0,19.0,5.0,80.0,100.0,70.0,0
34.0,8.0,4.0,5.0,9.0,56.0,58.0,74.0,100.0,30.0,44.0,1.0,30.92,40.0,0.0,2.0,0.0,100.0,53.0,79.0,0
47.0,4.0,1.0,-0.0,0.0,68.0,68.0,9.0,100.0,71.0,71.0,16.67,17.64,30.0,4.0,9.0,0.0,100.0,59.0,57.0,1
39.0,8.0,5.0,0.0,0.0,80.0,88.0,65.0,90.0,100.0,82.0,8.08,2.31,30.0,0.0,6.0,7.0,50.0,100.0,79.0,1
41.0,11.0,1.0,1.0,-0.0,83.0,73.0,19.0,53.0,89.0,60.0,13.76,6.41,49.0,3.0,7.0,4.0,75.0,100.0,73.0,1
44.0,5.0,1.0,2.0,0.0,55.0,63.0,56.0,18.0,64.0,100.0,8.32,1.0,22.0,5.0,12.0,4.0,43.0,69.0,88.0,0
27.0,10.0,1.0,6.0,10.0,50.0,61.0,91.0,74.0,56.0,80.0,1.0,18.23,44.0,0.0,-0.0,0.0,100.0,86.0,92.0,0
60.0,7.0,3.0,1.0,-0.0,80.0,54.0,63.0,30.0,85.0,100.0,3.95,5.38,51.0,1.0,1.0,2.0,28.0,32.0,69.0,0
18.0,19.0,1.0,2.0,5.0,83.0,68.0,13.0,82.0,0.0,95.0,5.14,10.95,26.0,1.0,9.0,7.0,62.0,87.0,74.0,1
28.0,20.0,1.0,0.0,4.0,83.0,73.0,39.0,48.0,57.0,72.0,3.28,3.65,64.0,0.0,8.0,7.0,61.0,100.0,64.0,1
49.0,12.0,1.0,8.0,10.0,69.0,73.0,79.0,24.0,22.0,59.0,1.0,14.0,3.0,0.0,3.0,4.0,100.0,60.0,90.0,0
18.0,9.0,2.0,2.0,2.0,56.0,50.0,53.0,87.0,82.0,56.0,6.88,9.78,27.0,4.0,11.0,1.0,100.0,100.0,99.0,1
40.0,9.0,1.0,0.0,0.0,83.0,79.0,100.0,33.0,85.0,24.0,7.37,4.21,36.0,1.0,2.0,0.0,64.0,81.0,68.0,1
52.0,10.0,2.0,4.0,3.0,75.0,90.0,31.0,70.0,84.0,82.0,10.37,20.54,34.0,-0.0,0.0,0.0,77.0,25.0,49.0,0
18.0,11.0,2.0,2.0,9.0,56.0,91.0,53.0,100.0,0.0,65.0,5.92,7.97,33.0,0.0,5.0,3.0,69.0,61.0,41.0,1
41.0,6.0,1.0,0.0,1.0,64.0,81.0,83.0,80.0,63.0,76.0,7.05,10.72,57.0,0.0,4.0,0.0,83.0,48.0,50.0,1
32.0,3.0,1.0,2.0,4.0,87.0,62.0,71.0,77.0,80.0,70.0,10.1,7.69,33.0,0.0,7.0,-0.0,100.0,82.0,99.0,1
47.0,22.0,1.0,1.0,4.0,97.0,56.0,1.0,36.0,100.0,70.0,8.99,4.48,57.0,0.0,1.0,9.0,48.0,100.0,68.0,1
60.0,0.0,4.0,3.0,10.0,71.0,76.0,42.0,100.0,43.0,57.0,1.0,29.3,25.0,0.0,3.0,4.0,100.0,34.0,66.0,1
40.0,13.0,3.0,7.0,10.0,99.0,63.0,80.0,28.0,90.0,77.0,1.0,10.29,32.0,0.0,0.0,4.0,100.0,100.0,58.0,0
36.0,1.0,2.0,2.0,3.0,71.0,77.0,54.0,61.0,58.0,49.0,4.44,1.0,30.0,3.0,9.0,2.0,39.0,32.0,79.0,0
35.0,8.0,3.0,5.0,6.0,74.0,74.0,71.0,44.0,59.0,89.0,1.0,5.4,9.0,2.0,9.0,5.0,75.0,100.0,69.0,0
60.0,5.0,1.0,4.0,-0.0,73.0,42.0,39.0,17.0,38.0,68.0,7.19,3.65,37.0,7.0,14.0,7.0,65.0,57.0,52.0,0
18.0,3.0,4.0,1.0,1.0,68.0,77.0,61.0,100.0,31.0,57.0,5.49,11.92,24.0,5.0,11.0,0.0,84.0,65.0,70.0,0
60.0,3.0,1.0,0.0,0.0,96.0,55.0,55.0,52.0,62.0,46.0,14.18,6.59,29.0,4.0,11.0,5.0,73.0,68.0,70.0,0
18.0,4.0,1.0,4.0,9.0,67.0,83.0,91.0,36.0,19.0,71.0,1.0,1.0,25.0,-0.0,10.0,2.0,52.0,37.0,70.0,0
18.0,0.0,1.0,4.0,1.0,53.0,45.0,80.0,43.0,34.0,85.0,17.67,1.0,30.0,7.0,11.0,3.0,45.0,59.0,66.0,0
18.0,10.0,2.0,0.0,0.0,51.0,92.0,98.0,80.0,32.0,84.0,8.82,1.0,9.0,4.0,17.0,3.0,63.0,100.0,80.0,1
32.0,11.0,5.0,2.0,0.0,97.0,84.0,100.0,64.0,51.0,59.0,13.89,14.99,2.0,3.0,0.0,2.0,81.0,99.0,56.0,1
34.0,17.0,5.0,1.0,6.0,76.0,26.0,22.0,100.0,27.0,37.0,1.0,22.69,10.0,0.0,5.0,8.0,76.0,100.0,84.0,1
60.0,1.0,5.0,2.0,0.0,75.0,52.0,61.0,85.0,52.0,87.0,9.46,22.08,15.0,7.0,8.0,4.0,92.0,56.0,56.0,1
18.0,0.0,5.0,0.0,0.0,90.0,77.0,83.0,100.0,35.0,93.0,12.3,10.19,37.0,3.0,13.0,1.0,88.0,93.0,77.0,1
43.0,3.0,1.0,3.0,6.0,62.0,54.0,45.0,60.0,68.0,73.0,5.09,4.61,18.0,0.0,5.0,2.0,57.0,35.0,72.0,0
18.0,15.0,3.0,3.0,8.0,59.0,57.0,0.0,100.0,18.0,63.0,14.17,16.55,49.0,0.0,1.0,5.0,58.0,62.0,84.0,1
55.0,7.0,2.0,1.0,3.0,61.0,63.0,43.0,100.0,77.0,87.0,4.97,24.05,10.0,0.0,1.0,0.0,100.0,39.0,65.0,1
42.0,7.0,1.0,3.0,4.0,78.0,93.0,22.0,100.0,0.0,89.0,1.36,26.85,0.0,4.0,10.0,2.0,92.0,0.0,70.0,0
18.0,4.0,2.0,0.0,0.0,85.0,89.0,26.0,100.0,24.0,61.0,16.48,1.0,27.0,7.0,18.0,2.0,40.0,83.0,100.0,0
18.0,7.0,1.0,2.0,5.0,37.0,76.0,63.0,88.0,6.0,48.0,2.35,7.13,22.0,2.0,10.0,-0.0,73.0,41.0,70.0,0
26.0,2.0,1.0,2.0,8.0,56.0,52.0,43.0,28.0,80.0,61.0,2.22,1.0,36.0,0.0,12.0,3.0,24.0,47.0,79.0,0
44.0,7.0,1.0,2.0,0.0,57.0,71.0,100.0,0.0,100.0,43.0,9.05,1.0,33.0,0.0,0.0,0.0,52.0,26.0,56.0,1
18.0,7.0,4.0,3.0,0.0,68.0,57.0,41.0,78.0,37.0,65.0,2.48,8.73,18.0,8.0,14.0,2.0,66.0,86.0,56.0,0
36.0,1.0,3.0,5.0,7.0,87.0,78.0,100.0,56.0,100.0,78.0,7.27,6.5,6.0,-0.0,1.0,0.0,100.0,97.0,65.0,1
18.0,4.0,5.0,0.0,2.0,76.0,57.0,63.0,100.0,0.0,15.0,7.66,7.16,22.0,4.0,16.0,5.0,63.0,83.0,54.0,1
18.0,14.0,1.0,3.0,4.0,73.0,56.0,0.0,99.0,49.0,75.0,13.84,16.27,40.0,3.0,2.0,2.0,80.0,68.0,77.0,1
21.0,0.0,1.0,1.0,3.0,46.0,75.0,80.0,100.0,95.0,77.0,20.39,3.05,40.0,5.0,18.0,3.0,100.0,100.0,67.0,1
18.0,9.0,4.0,0.0,4.0,86.0,45.0,64.0,100.0,30.0,92.0,5.85,12.22,19.0,0.0,9.0,4.0,87.0,100.0,59.0,1
25.0,4.0,5.0,1.0,0.0,80.0,56.0,32.0,100.0,25.0,92.0,8.47,14.76,33.0,7.0,12.0,3.0,75.0,66.0,80.0,0
55.0,0.0,3.0,3.0,0.0,45.0,59.0,71.0,68.0,93.0,88.0,13.25,9.98,42.0,3.0,1.0,0.0,76.0,28.0,83.0,1
52.0,6.0,1.0,3.0,0.0,55.0,62.0,66.0,13.0,59.0,53.0,9.64,1.0,26.0,4.0,5.0,4.0,32.0,41.0,37.0,0
48.0,10.0,4.0,8.0,8.0,70.0,45.0,48.0,43.0,81.0,60.0,1.0,17.15,36.0,3.0,1.0,2.0,91.0,81.0,91.0,0
51.0,-0.0,5.0,0.0,0.0,85.0,91.0,70.0,92.0,39.0,73.0,9.3,12.08,53.0,7.0,13.0,3.0,62.0,48.0,46.0,0
44.0,5.0,1.0,4.0,5.0,54.0,41.0,81.0,22.0,100.0,79.0,7.57,1.05,41.0,0.0,0.0,0.0,31.0,10.0,70.0,1
18.0,6.0,1.0,-0.0,1.0,71.0,72.0,53.0,69.0,29.0,96.0,12.0,1.0,19.0,4.0,15.0,5.0,22.0,94.0,80.0,0
18.0,11.0,1.0,6.0,7.0,61.0,98.0,100.0,7.0,68.0,75.0,9.04,1.0,31.0,0.0,-0.0,2.0,71.0,100.0,79.0,1
28.0,8.0,1.0,6.0,8.0,76.0,96.0,64.0,23.0,35.0,78.0,1.0,1.0,44.0,3.0,7.0,2.0,48.0,43.0,60.0,0
18.0,10.0,1.0,1.0,10.0,45.0,70.0,0.0,80.0,100.0,86.0,14.95,1.0,47.0,0.0,8.0,8.0,54.0,100.0,100.0,1
18.0,5.0,2.0,0.0,-0.0,73.0,80.0,39.0,100.0,0.0,100.0,10.54,11.07,7.0,6.0,17.0,0.0,87.0,71.0,100.0,0
21.0,14.0,4.0,6.0,4.0,78.0,65.0,98.0,61.0,19.0,61.0,6.84,20.99,33.0,1.0,0.0,0.0,98.0,54.0,81.0,1
20.0,6.0,3.0,1.0,1.0,89.0,64.0,72.0,93.0,68.0,64.0,13.75,10.05,1.0,1.0,2.0,0.0,86.0,86.0,64.0,1
18.0,6.0,4.0,3.0,3.0,61.0,58.0,59.0,88.0,55.0,67.0,3.33,10.04,41.0,4.0,7.0,0.0,75.0,77.0,74.0,0
60.0,1.0,5.0,1.0,0.0,74.0,67.0,67.0,100.0,53.0,55.0,2.46,22.18,40.0,5.0,8.0,2.0,86.0,53.0,74.0,0
26.0,6.0,5.0,3.0,7.0,78.0,99.0,100.0,47.0,100.0,64.0,5.47,1.0,36.0,0.0,0.0,5.0,61.0,100.0,49.0,1
60.0,6.0,1.0,3.0,0.0,54.0,49.0,74.0,32.0,77.0,38.0,5.55,16.14,30.0,2.0,0.0,0.0,51.0,0.0,89.0,1
18.0,8.0,4.0,2.0,2.0,75.0,64.0,51.0,94.0,53.0,83.0,13.95,7.56,38.0,2.0,4.0,3.0,68.0,94.0,84.0,1
18.0,4.0,2.0,1.0,5.0,88.0,84.0,77.0,78.0,53.0,51.0,10.66,1.0,41.0,1.0,8.0,3.0,60.0,96.0,95.0,1
55.0,0.0,1.0,4.0,7.0,62.0,77.0,49.0,87.0,54.0,48.0,11.11,13.98,32.0,0.0,-0.0,-0.0,86.0,0.0,80.0,1
58.0,1.0,1.0,1.0,3.0,42.0,94.0,63.0,89.0,53.0,74.0,9.08,15.56,19.0,-0.0,3.0,2.0,87.0,22.0,57.0,1
60.0,13.0,4.0,10.0,10.0,71.0,63.0,56.0,18.0,84.0,81.0,1.0,27.35,33.0,1.0,0.0,2.0,100.0,71.0,88.0,0
18.0,1.0,5.0,0.0,9.0,70.0,73.0,58.0,100.0,95.0,69.0,8.5,6.43,39.0,0.0,15.0,9.0,100.0,100.0,69.0,1
29.0,2.0,5.0,0.0,0.0,74.0,90.0,65.0,100.0,99.0,57.0,5.68,10.7,21.0,3.0,11.0,0.0,71.0,89.0,60.0,0
18.0,4.0,3.0,1.0,0.0,74.0,74.0,60.0,100.0,50.0,66.0,7.07,1.0,13.0,9.0,20.0,0.0,71.0,100.0,61.0,0
31.0,0.0,1.0,1.0,2.0,82.0,70.0,32.0,100.0,75.0,91.0,18.45,11.66,33.0,3.0,8.0,2.0,100.0,82.0,75.0,1
23.0,5.0,2.0,3.0,2.0,64.0,89.0,59.0,75.0,3.0,71.0,1.0,6.97,29.0,6.0,16.0,3.0,69.0,55.0,84.0,0
40.0,1.0,4.0,5.0,1.0,67.0,53.0,100.0,0.0,100.0,37.0,8.4,1.0,29.0,1.0,0.0,0.0,43.0,85.0,95.0,1
33.0,7.0,5.0,0.0,0.0,59.0,68.0,58.0,100.0,70.0,63.0,8.68,19.4,37.0,6.0,6.0,0.0,80.0,74.0,88.0,0
28.0,1.0,2.0,4.0,4.0,49.0,79.0,74.0,30.0,93.0,82.0,9.89,1.0,24.0,3.0,4.0,2.0,43.0,74.0,76.0,0
18.0,9.0,2.0,2.0,4.0,54.0,53.0,63.0,79.0,36.0,62.0,4.03,3.63,36.0,3.0,13.0,3.0,77.0,100.0,58.0,0
18.0,13.0,2.0,4.0,10.0,91.0,50.0,73.0,100.0,23.0,60.0,1.0,21.21,43.0,0.0,6.0,0.0,100.0,100.0,100.0,0
54.0,9.0,1.0,0.0,0.0,61.0,100.0,68.0,63.0,100.0,40.0,2.35,9.63,33.0,0.0,9.0,0.0,96.0,100.0,60.0,1
18.0,7.0,3.0,2.0,5.0,67.0,76.0,70.0,99.0,43.0,82.0,4.64,8.99,34.0,1.0,5.0,-0.0,77.0,73.0,72.0,0
35.0,14.0,1.0,5.0,0.0,92.0,60.0,100.0,0.0,67.0,90.0,7.31,2.92,38.0,4.0,0.0,0.0,56.0,63.0,50.0,1
45.0,1.0,3.0,3.0,9.0,53.0,78.0,57.0,96.0,63.0,59.0,5.17,13.57,15.0,0.0,1.0,2.0,84.0,39.0,67.0,1
52.0,5.0,4.0,5.0,9.0,50.0,93.0,88.0,78.0,46.0,76.0,1.0,21.39,48.0,1.0,6.0,2.0,100.0,81.0,55.0,0
60.0,0.0,5.0,7.0,10.0,59.0,57.0,61.0,92.0,100.0,65.0,9.2,17.49,19.0,0.0,0.0,0.0,81.0,0.0,53.0,1
59.0,7.0,2.0,0.0,-0.0,75.0,57.0,86.0,79.0,60.0,74.0,4.22,19.38,12.0,0.0,2.0,0.0,98.0,47.0,76.0,1
60.0,9.0,1.0,0.0,2.0,74.0,79.0,26.0,35.0,100.0,74.0,15.0,3.97,28.0,0.0,6.0,4.0,99.0,100.0,60.0,1
36.0,0.0,1.0,2.0,5.0,90.0,69.0,60.0,31.0,56.0,61.0,6.84,1.0,37.0,3.0,17.0,6.0,35.0,53.0,68.0,0
46.0,1.0,3.0,2.0,4.0,90.0,63.0,49.0,71.0,71.0,71.0,5.74,6.86,39.0,1.0,4.0,1.0,49.0,25.0,68.0,0
47.0,1.0,1.0,0.0,0.0,79.0,89.0,86.0,77.0,75.0,53.0,14.35,6.49,28.0,6.0,15.0,1.0,100.0,98.0,75.0,1
25.0,14.0,2.0,2.0,0.0,66.0,84.0,100.0,9.0,91.0,100.0,4.84,1.0,11.0,1.0,3.0,1.0,64.0,100.0,77.0,1
60.0,3.0,5.0,3.0,0.0,94.0,84.0,47.0,100.0,52.0,69.0,11.21,29.63,46.0,4.0,0.0,0.0,85.0,9.0,82.0,0
39.0,0.0,3.0,4.0,1.0,57.0,69.0,89.0,64.0,100.0,42.0,15.87,7.48,21.0,4.0,2.0,0.0,100.0,84.0,65.0,1
18.0,9.0,5.0,3.0,0.0,67.0,74.0,12.0,100.0,63.0,72.0,9.0,12.31,35.0,9.0,9.0,1.0,53.0,89.0,48.0,0
21.0,0.0,1.0,0.0,1.0,82.0,82.0,47.0,100.0,58.0,100.0,15.34,4.71,32.0,4.0,16.0,2.0,100.0,84.0,57.0,1
18.0,18.0,5.0,3.0,7.0,57.0,67.0,21.0,96.0,30.0,49.0,5.54,10.04,44.0,0.0,3.0,6.0,50.0,100.0,76.0,1
18.0,2.0,5.0,1.0,1.0,55.0,48.0,75.0,100.0,100.0,79.0,6.85,10.99,50.0,4.0,6.0,0.0,89.0,100.0,43.0,0
19.0,7.0,5.0,3.0,4.0,95.0,66.0,56.0,78.0,91.0,44.0,7.61,6.04,23.0,2.0,2.0,2.0,60.0,100.0,53.0,0
26.0,11.0,4.0,3.0,10.0,67.0,87.0,17.0,100.0,40.0,82.0,3.59,16.16,20.0,0.0,4.0,6.0,80.0,83.0,65.0,1
18.0,10.0,1.0,6.0,10.0,79.0,61.0,97.0,0.0,52.0,82.0,1.0,1.0,14.0,2.0,13.0,1.0,52.0,100.0,52.0,0
33.0,14.0,1.0,2.0,4.0,64.0,59.0,26.0,44.0,89.0,59.0,14.02,2.3,40.0,0.0,4.0,5.0,78.0,100.0,59.0,1
30.0,4.0,3.0,1.0,7.0,84.0,70.0,87.0,100.0,2.0,77.0,1.0,21.17,48.0,0.0,8.0,1.0,100.0,43.0,50.0,0
31.0,7.0,1.0,5.0,2.0,62.0,81.0,78.0,19.0,97.0,67.0,12.92,2.88,40.0,2.0,0.0,0.0,71.0,58.0,50.0,1
51.0,2.0,2.0,-0.0,0.0,78.0,58.0,63.0,100.0,64.0,65.0,6.45,17.5,32.0,3.0,8.0,-0.0,100.0,50.0,47.0,1
23.0,0.0,5.0,0.0,2.0,62.0,55.0,99.0,100.0,37.0,72.0,8.84,8.4,11.0,0.0,17.0,3.0,100.0,85.0,75.0,1
30.0,14.0,1.0,-0.0,2.0,59.0,75.0,5.0,90.0,77.0,51.0,11.79,10.3,27.0,1.0,8.0,4.0,88.0,100.0,90.0,1
22.0,12.0,5.0,2.0,7.0,100.0,51.0,81.0,100.0,0.0,88.0,5.15,20.94,52.0,0.0,-0.0,7.0,85.0,97.0,63.0,1
60.0,9.0,1.0,1.0,2.0,90.0,78.0,9.0,82.0,53.0,81.0,1.0,26.5,6.0,1.0,3.0,3.0,81.0,1.0,50.0,0
18.0,9.0,5.0,0.0,4.0,56.0,86.0,80.0,100.0,31.0,62.0,2.27,6.51,28.0,0.0,13.0,9.0,64.0,100.0,54.0,1
35.0,4.0,1.0,4.0,2.0,58.0,66.0,100.0,25.0,98.0,67.0,11.75,1.33,35.0,2.0,1.0,-0.0,83.0,94.0,75.0,1
60.0,8.0,1.0,1.0,0.0,80.0,71.0,60.0,15.0,64.0,70.0,4.61,3.38,37.0,4.0,9.0,5.0,38.0,51.0,90.0,0
33.0,-0.0,5.0,6.0,10.0,81.0,41.0,96.0,59.0,100.0,87.0,4.68,4.18,29.0,0.0,0.0,1.0,86.0,90.0,51.0,1
18.0,11.0,3.0,2.0,5.0,61.0,71.0,60.0,80.0,87.0,65.0,4.86,7.07,25.0,1.0,10.0,4.0,100.0,100.0,74.0,1
35.0,8.0,1.0,5.0,0.0,64.0,49.0,100.0,0.0,100.0,52.0,13.81,1.0,63.0,6.0,0.0,0.0,61.0,100.0,72.0,1
18.0,14.0,2.0,0.0,0.0,61.0,53.0,65.0,84.0,49.0,62.0,12.44,8.45,48.0,4.0,7.0,0.0,71.0,100.0,72.0,1
59.0,8.0,5.0,1.0,0.0,67.0,53.0,40.0,100.0,53.0,50.0,5.91,29.87,52.0,8.0,4.0,0.0,85.0,41.0,62.0,0
40.0,0.0,1.0,3.0,2.0,86.0,85.0,79.0,47.0,7.0,60.0,11.84,1.0,31.0,7.0,23.0,10.0,59.0,53.0,88.0,0
48.0,0.0,1.0,0.0,0.0,55.0,100.0,47.0,100.0,52.0,65.0,10.82,6.23,25.0,3.0,18.0,3.0,79.0,60.0,76.0,0
57.0,13.0,5.0,9.0,6.0,65.0,69.0,52.0,0.0,100.0,77.0,1.0,5.46,44.0,4.0,-0.0,5.0,37.0,100.0,54.0,0
23.0,1.0,1.0,0.0,0.0,74.0,61.0,99.0,72.0,94.0,53.0,15.28,1.0,52.0,5.0,20.0,3.0,84.0,100.0,72.0,1
32.0,6.0,5.0,1.0,-0.0,73.0,100.0,35.0,100.0,64.0,92.0,10.38,21.77,21.0,4.0,6.0,3.0,95.0,100.0,75.0,0
18.0,7.0,3.0,1.0,1.0,100.0,84.0,48.0,100.0,5.0,70.0,5.55,13.73,35.0,6.0,16.0,0.0,99.0,82.0,82.0,0
33.0,0.0,1.0,5.0,6.0,74.0,66.0,70.0,48.0,100.0,76.0,15.08,1.0,26.0,-0.0,0.0,0.0,73.0,39.0,68.0,1
18.0,7.0,5.0,3.0,0.0,78.0,85.0,49.0,54.0,68.0,62.0,4.28,1.0,24.0,8.0,12.0,3.0,28.0,100.0,85.0,0
35.0,8.0,5.0,7.0,9.0,56.0,68.0,78.0,45.0,100.0,56.0,1.0,11.35,27.0,2.0,-0.0,-0.0,97.0,100.0,55.0,0
30.0,14.0,1.0,4.0,10.0,46.0,57.0,0.0,100.0,45.0,42.0,1.0,19.49,52.0,0.0,3.0,4.0,88.0,42.0,99.0,1
49.0,11.0,5.0,5.0,6.0,84.0,82.0,67.0,92.0,100.0,87.0,1.0,25.99,40.0,2.0,1.0,3.0,100.0,100.0,90.0,0
18.0,7.0,5.0,4.0,2.0,68.0,99.0,68.0,57.0,100.0,65.0,3.9,1.0,35.0,7.0,10.0,0.0,70.0,100.0,81.0,0
60.0,5.0,5.0,3.0,6.0,68.0,67.0,62.0,100.0,22.0,73.0,2.13,28.55,21.0,0.0,1.0,5.0,100.0,37.0,67.0,0
60.0,9.0,2.0,0.0,1.0,69.0,84.0,34.0,100.0,71.0,82.0,1.85,29.24,23.0,0.0,6.0,2.0,100.0,70.0,100.0,1
27.0,0.0,1.0,1.0,0.0,66.0,77.0,76.0,67.0,36.0,84.0,28.5,1.0,35.0,2.0,3.0,3.0,48.0,14.0,28.0,0
18.0,13.0,3.0,8.0,5.0,40.0,80.0,34.0,61.0,46.0,90.0,18.04,9.64,41.0,3.0,0.0,2.0,70.0,82.0,74.0,1
18.0,9.0,1.0,3.0,10.0,79.0,65.0,0.0,100.0,31.0,81.0,13.52,5.37,59.0,0.0,5.0,5.0,68.0,73.0,63.0,1
50.0,1.0,2.0,5.0,2.0,88.0,58.0,62.0,20.0,53.0,73.0,7.86,1.0,33.0,4.0,7.0,5.0,39.0,36.0,61.0,0
18.0,6.0,4.0,0.0,5.0,71.0,86.0,86.0,100.0,37.0,36.0,2.59,17.32,25.0,1.0,12.0,2.0,100.0,100.0,57.0,0
53.0,0.0,2.0,1.0,3.0,57.0,92.0,32.0,100.0,46.0,57.0,10.11,14.63,52.0,1.0,5.0,2.0,69.0,0.0,45.0,0
18.0,13.0,5.0,-0.0,0.0,52.0,70.0,5.0,100.0,57.0,46.0,15.87,13.6,38.0,8.0,14.0,7.0,80.0,100.0,93.0,0
18.0,7.0,2.0,-0.0,-0.0,66.0,79.0,30.0,100.0,0.0,64.0,11.22,9.75,36.0,5.0,14.0,3.0,60.0,43.0,49.0,0
26.0,5.0,1.0,3.0,0.0,53.0,63.0,100.0,0.0,100.0,65.0,14.86,1.0,38.0,4.0,-0.0,0.0,19.0,68.0,69.0,1
56.0,0.0,4.0,3.0,5.0,62.0,67.0,94.0,90.0,100.0,55.0,15.42,9.74,38.0,-0.0,0.0,-0.0,96.0,42.0,49.0,1
55.0,7.0,5.0,5.0,10.0,67.0,66.0,100.0,79.0,66.0,76.0,1.0,22.73,58.0,0.0,5.0,3.0,100.0,100.0,64.0,0
59.0,6.0,3.0,0.0,0.0,32.0,76.0,100.0,58.0,64.0,94.0,6.17,13.53,38.0,1.0,5.0,2.0,100.0,100.0,63.0,1
23.0,18.0,1.0,1.0,5.0,78.0,40.0,23.0,80.0,45.0,58.0,1.0,11.65,34.0,-0.0,8.0,3.0,71.0,89.0,84.0,1
25.0,7.0,5.0,5.0,10.0,77.0,90.0,80.0,100.0,57.0,75.0,2.38,15.82,58.0,0.0,0.0,4.0,87.0,73.0,46.0,1
47.0,0.0,1.0,2.0,5.0,85.0,46.0,67.0,37.0,61.0,75.0,8.08,1.0,36.0,-0.0,6.0,4.0,29.0,22.0,59.0,0
18.0,7.0,2.0,3.0,5.0,90.0,61.0,83.0,61.0,100.0,92.0,9.23,1.21,56.0,1.0,6.0,2.0,96.0,100.0,65.0,1
18.0,11.0,5.0,0.0,0.0,78.0,60.0,100.0,57.0,57.0,61.0,8.24,1.0,31.0,2.0,13.0,7.0,54.0,100.0,71.0,1
18.0,4.0,1.0,2.0,0.0,100.0,55.0,34.0,100.0,33.0,79.0,13.15,16.9,32.0,7.0,8.0,0.0,98.0,13.0,60.0,1
60.0,8.0,5.0,3.0,0.0,85.0,47.0,67.0,100.0,71.0,66.0,11.42,43.57,34.0,7.0,0.0,0.0,100.0,56.0,48.0,0
33.0,1.0,1.0,2.0,10.0,78.0,53.0,46.0,100.0,76.0,58.0,8.28,16.92,51.0,0.0,8.0,3.0,100.0,100.0,46.0,1
60.0,13.0,3.0,-0.0,0.0,57.0,55.0,29.0,88.0,60.0,76.0,4.48,30.02,28.0,2.0,0.0,-0.0,80.0,17.0,85.0,0
18.0,7.0,2.0,2.0,6.0,46.0,43.0,91.0,79.0,85.0,52.0,4.21,1.0,29.0,2.0,14.0,3.0,100.0,100.0,78.0,0
52.0,0.0,1.0,4.0,10.0,64.0,66.0,72.0,83.0,67.0,74.0,7.18,9.81,25.0,0.0,0.0,1.0,87.0,8.0,66.0,1
34.0,8.0,2.0,1.0,0.0,67.0,77.0,57.0,61.0,53.0,84.0,8.29,8.88,18.0,8.0,12.0,1.0,70.0,82.0,65.0,0
33.0,1.0,3.0,4.0,3.0,60.0,68.0,100.0,15.0,100.0,68.0,8.8,1.0,57.0,1.0,1.0,0.0,69.0,95.0,58.0,1
53.0,-0.0,1.0,8.0,1.0,61.0,90.0,100.0,0.0,96.0,69.0,11.4,5.9,10.0,4.0,0.0,0.0,82.0,5.0,77.0,1
18.0,8.0,5.0,0.0,1.0,61.0,66.0,91.0,100.0,57.0,86.0,5.65,4.82,44.0,-0.0,7.0,3.0,62.0,100.0,74.0,1
39.0,10.0,5.0,5.0,0.0,75.0,57.0,0.0,100.0,56.0,97.0,8.74,24.93,31.0,8.0,6.0,3.0,89.0,82.0,91.0,0
18.0,19.0,3.0,7.0,10.0,75.0,77.0,18.0,67.0,72.0,67.0,13.26,14.61,37.0,0.0,0.0,3.0,61.0,76.0,61.0,1
18.0,10.0,2.0,5.0,5.0,75.0,78.0,45.0,13.0,88.0,72.0,5.84,1.0,21.0,5.0,11.0,7.0,46.0,100.0,61.0,0
43.0,9.0,3.0,-0.0,0.0,81.0,60.0,88.0,24.0,76.0,51.0,8.98,1.95,9.0,10.0,13.0,2.0,49.0,100.0,64.0,0
18.0,6.0,2.0,1.0,4.0,45.0,82.0,70.0,100.0,17.0,98.0,3.08,10.64,11.0,4.0,15.0,1.0,100.0,95.0,90.0,0
24.0,0.0,1.0,0.0,0.0,42.0,68.0,100.0,100.0,30.0,53.0,15.0,13.49,57.0,8.0,15.0,0.0,100.0,55.0,81.0,1
18.0,0.0,4.0,0.0,1.0,63.0,73.0,54.0,100.0,0.0,67.0,4.66,20.98,54.0,3.0,17.0,-0.0,100.0,28.0,46.0,1
60.0,0.0,3.0,2.0,0.0,68.0,79.0,80.0,67.0,87.0,49.0,12.65,16.07,34.0,3.0,0.0,0.0,76.0,4.0,82.0,1
48.0,0.0,2.0,2.0,6.0,63.0,66.0,61.0,87.0,44.0,71.0,11.28,6.47,23.0,0.0,0.0,2.0,42.0,0.0,44.0,0
18.0,9.0,3.0,2.0,2.0,97.0,77.0,39.0,97.0,46.0,100.0,13.52,9.92,33.0,3.0,4.0,1.0,75.0,83.0,63.0,1
18.0,4.0,1.0,2.0,6.0,69.0,84.0,89.0,87.0,10.0,59.0,1.0,4.71,53.0,3.0,15.0,0.0,94.0,57.0,56.0,0
60.0,13.0,1.0,3.0,0.0,84.0,88.0,35.0,38.0,77.0,82.0,2.64,16.36,20.0,4.0,4.0,1.0,74.0,67.0,65.0,0
41.0,0.0,3.0,3.0,8.0,81.0,53.0,69.0,90.0,100.0,69.0,8.3,9.31,53.0,0.0,0.0,1.0,89.0,72.0,45.0,1
26.0,9.0,3.0,5.0,6.0,51.0,88.0,75.0,23.0,55.0,83.0,1.0,1.0,0.0,3.0,11.0,6.0,53.0,100.0,76.0,0
50.0,3.0,5.0,0.0,-0.0,72.0,50.0,58.0,100.0,59.0,88.0,6.43,23.04,20.0,1.0,8.0,3.0,100.0,92.0,56.0,1
49.0,5.0,4.0,5.0,0.0,90.0,62.0,91.0,17.0,100.0,59.0,6.13,7.27,2.0,4.0,0.0,0.0,53.0,40.0,70.0,1
44.0,0.0,1.0,4.0,10.0,91.0,41.0,27.0,85.0,63.0,85.0,2.65,2.96,40.0,0.0,5.0,3.0,52.0,0.0,79.0,0
36.0,0.0,1.0,0.0,4.0,67.0,84.0,91.0,100.0,10.0,48.0,1.5,20.06,25.0,-0.0,14.0,0.0,100.0,36.0,42.0,1
47.0,0.0,4.0,3.0,10.0,77.0,52.0,49.0,100.0,93.0,83.0,7.12,13.14,29.0,0.0,0.0,3.0,94.0,46.0,56.0,1
18.0,12.0,1.0,6.0,10.0,74.0,90.0,73.0,42.0,34.0,71.0,1.0,6.78,39.0,0.0,8.0,1.0,100.0,88.0,53.0,0
37.0,5.0,1.0,0.0,2.0,65.0,100.0,42.0,89.0,100.0,76.0,10.97,1.0,36.0,0.0,10.0,3.0,75.0,100.0,43.0,1
60.0,6.0,2.0,4.0,0.0,89.0,98.0,64.0,3.0,55.0,59.0,5.7,1.61,23.0,6.0,8.0,5.0,38.0,49.0,86.0,0
54.0,0.0,3.0,4.0,10.0,52.0,91.0,35.0,100.0,27.0,84.0,2.37,15.19,34.0,1.0,6.0,3.0,73.0,0.0,80.0,0
36.0,0.0,1.0,2.0,2.0,62.0,68.0,63.0,9.0,33.0,70.0,12.71,1.0,10.0,4.0,16.0,7.0,14.0,26.0,85.0,0
24.0,9.0,5.0,2.0,2.0,63.0,57.0,100.0,19.0,100.0,93.0,4.06,1.0,21.0,-0.0,2.0,2.0,49.0,100.0,78.0,1
46.0,0.0,3.0,7.0,6.0,60.0,71.0,100.0,31.0,100.0,74.0,15.45,4.42,51.0,2.0,0.0,1.0,100.0,89.0,94.0,1
18.0,3.0,5.0,0.0,0.0,100.0,55.0,46.0,100.0,32.0,61.0,11.53,1.0,47.0,8.0,20.0,4.0,51.0,100.0,61.0,0
18.0,7.0,4.0,6.0,4.0,81.0,78.0,51.0,47.0,86.0,76.0,1.0,3.92,21.0,6.0,6.0,0.0,56.0,84.0,90.0,0
27.0,13.0,1.0,0.0,3.0,90.0,60.0,34.0,88.0,41.0,69.0,4.74,7.15,9.0,0.0,8.0,2.0,57.0,60.0,77.0,1
44.0,0.0,2.0,0.0,0.0,79.0,59.0,41.0,100.0,66.0,57.0,11.95,14.67,30.0,4.0,12.0,1.0,96.0,65.0,89.0,0
44.0,15.0,2.0,4.0,2.0,38.0,58.0,4.0,70.0,88.0,88.0,17.9,19.16,21.0,1.0,0.0,3.0,79.0,80.0,62.0,1
47.0,15.0,2.0,0.0,5.0,72.0,78.0,43.0,84.0,61.0,57.0,3.34,9.68,37.0,0.0,9.0,10.0,81.0,100.0,55.0,1
60.0,7.0,1.0,2.0,2.0,84.0,71.0,34.0,72.0,59.0,59.0,8.62,17.6,27.0,1.0,-0.0,1.0,70.0,14.0,58.0,0
45.0,0.0,4.0,5.0,10.0,68.0,75.0,54.0,100.0,92.0,89.0,7.85,13.93,14.0,0.0,0.0,0.0,98.0,25.0,81.0,1
41.0,0.0,1.0,7.0,8.0,100.0,50.0,100.0,15.0,87.0,32.0,10.43,1.0,26.0,0.0,0.0,0.0,80.0,19.0,75.0,1
41.0,-0.0,1.0,0.0,10.0,61.0,86.0,79.0,100.0,40.0,72.0,1.95,11.36,25.0,0.0,9.0,2.0,100.0,45.0,89.0,1
60.0,14.0,5.0,4.0,0.0,74.0,61.0,51.0,100.0,79.0,45.0,12.11,45.4,39.0,5.0,0.0,0.0,100.0,33.0,75.0,0
24.0,3.0,1.0,7.0,10.0,71.0,68.0,88.0,41.0,87.0,50.0,6.42,1.42,45.0,0.0,1.0,2.0,100.0,100.0,62.0,1
39.0,-0.0,1.0,5.0,9.0,89.0,65.0,58.0,33.0,49.0,77.0,10.98,1.0,26.0,0.0,2.0,4.0,42.0,8.0,85.0,0
39.0,10.0,5.0,4.0,0.0,90.0,71.0,31.0,84.0,88.0,57.0,5.43,16.6,36.0,7.0,7.0,6.0,80.0,100.0,40.0,0
35.0,4.0,5.0,3.0,4.0,81.0,68.0,76.0,97.0,47.0,59.0,1.0,16.47,22.0,3.0,9.0,2.0,100.0,82.0,84.0,0
18.0,11.0,2.0,3.0,1.0,62.0,70.0,35.0,80.0,23.0,48.0,4.68,5.99,26.0,7.0,18.0,5.0,80.0,100.0,60.0,0
49.0,10.0,3.0,0.0,0.0,83.0,37.0,100.0,47.0,100.0,100.0,12.93,7.26,20.0,4.0,8.0,4.0,91.0,100.0,80.0,1
38.0,8.0,2.0,5.0,10.0,68.0,85.0,89.0,66.0,25.0,54.0,1.0,16.21,0.0,0.0,5.0,2.0,100.0,58.0,85.0,0
60.0,0.0,1.0,1.0,5.0,67.0,76.0,32.0,90.0,40.0,56.0,1.0,12.03,15.0,2.0,16.0,6.0,88.0,37.0,78.0,0
18.0,9.0,4.0,5.0,3.0,60.0,50.0,28.0,84.0,75.0,86.0,5.69,12.33,4.0,6.0,6.0,-0.0,80.0,99.0,99.0,0
30.0,-0.0,5.0,5.0,-0.0,79.0,89.0,63.0,89.0,45.0,80.0,21.82,14.25,34.0,4.0,0.0,-0.0,69.0,12.0,59.0,0
26.0,5.0,2.0,3.0,7.0,63.0,71.0,100.0,28.0,72.0,75.0,4.76,1.0,67.0,0.0,5.0,4.0,55.0,93.0,61.0,1
18.0,10.0,1.0,0.0,0.0,84.0,68.0,0.0,100.0,35.0,93.0,24.53,1.0,45.0,7.0,14.0,5.0,45.0,100.0,67.0,1
24.0,3.0,1.0,5.0,10.0,82.0,66.0,63.0,70.0,88.0,68.0,9.01,3.12,43.0,0.0,2.0,3.0,94.0,97.0,100.0,1
45.0,2.0,1.0,1.0,0.0,86.0,70.0,53.0,21.0,41.0,66.0,10.14,1.0,33.0,7.0,19.0,6.0,45.0,67.0,94.0,0
60.0,0.0,1.0,5.0,0.0,83.0,75.0,100.0,0.0,93.0,82.0,14.93,10.5,34.0,4.0,0.0,0.0,49.0,0.0,65.0,1
26.0,9.0,1.0,2.0,8.0,42.0,100.0,79.0,100.0,10.0,87.0,1.0,18.59,23.0,0.0,6.0,1.0,100.0,59.0,58.0,1
60.0,1.0,3.0,0.0,1.0,48.0,70.0,49.0,100.0,62.0,62.0,2.94,25.43,31.0,0.0,6.0,-0.0,97.0,22.0,96.0,1
48.0,0.0,1.0,7.0,7.0,57.0,94.0,100.0,0.0,82.0,68.0,11.36,1.0,0.0,0.0,0.0,0.0,43.0,5.0,46.0,1
18.0,-0.0,3.0,0.0,6.0,88.0,47.0,64.0,100.0,92.0,70.0,14.32,1.0,38.0,0.0,10.0,6.0,70.0,100.0,73.0,1
46.0,1.0,3.0,5.0,1.0,72.0,79.0,100.0,29.0,100.0,82.0,13.05,5.17,15.0,3.0,0.0,0.0,85.0,86.0,98.0,1
60.0,0.0,4.0,0.0,0.0,70.0,83.0,56.0,77.0,44.0,61.0,3.03,14.36,52.0,7.0,16.0,6.0,64.0,44.0,86.0,0
60.0,2.0,5.0,0.0,0.0,58.0,76.0,44.0,100.0,85.0,72.0,10.51,40.28,40.0,4.0,2.0,2.0,100.0,65.0,69.0,0
27.0,0.0,1.0,3.0,1.0,100.0,92.0,88.0,0.0,8.0,76.0,17.26,1.0,5.0,4.0,12.0,7.0,0.0,1.0,67.0,0
18.0,9.0,2.0,1.0,6.0,73.0,92.0,72.0,92.0,38.0,93.0,5.75,3.01,39.0,1.0,11.0,3.0,85.0,100.0,73.0,0
30.0,8.0,5.0,1.0,6.0,70.0,62.0,80.0,80.0,89.0,59.0,4.53,4.44,39.0,0.0,1.0,5.0,57.0,100.0,83.0,1
29.0,7.0,5.0,3.0,5.0,65.0,86.0,65.0,72.0,64.0,51.0,6.1,5.18,15.0,1.0,6.0,6.0,65.0,100.0,80.0,0
45.0,12.0,1.0,1.0,0.0,56.0,80.0,38.0,4.0,83.0,78.0,1.0,1.0,15.0,3.0,10.0,2.0,20.0,58.0,51.0,0
25.0,10.0,1.0,-0.0,6.0,72.0,71.0,59.0,83.0,59.0,48.0,6.16,6.56,28.0,0.0,7.0,2.0,96.0,92.0,83.0,1
34.0,10.0,3.0,1.0,0.0,60.0,53.0,53.0,70.0,81.0,72.0,17.02,7.51,37.0,2.0,2.0,4.0,70.0,100.0,77.0,1
51.0,-0.0,2.0,5.0,1.0,85.0,92.0,100.0,27.0,70.0,74.0,11.7,6.93,25.0,4.0,2.0,1.0,91.0,58.0,73.0,1
25.0,6.0,2.0,0.0,0.0,59.0,75.0,92.0,100.0,33.0,77.0,8.13,11.41,35.0,6.0,17.0,-0.0,86.0,96.0,67.0,1
18.0,4.0,2.0,4.0,2.0,72.0,68.0,27.0,67.0,11.0,77.0,3.97,5.08,55.0,8.0,10.0,0.0,31.0,0.0,56.0,0
20.0,2.0,1.0,1.0,2.0,100.0,60.0,66.0,29.0,85.0,83.0,9.16,1.0,45.0,3.0,9.0,1.0,20.0,63.0,59.0,0
18.0,8.0,3.0,0.0,0.0,55.0,88.0,100.0,72.0,69.0,50.0,16.8,1.0,31.0,6.0,11.0,-0.0,65.0,100.0,96.0,1
35.0,13.0,1.0,2.0,0.0,68.0,100.0,60.0,8.0,86.0,56.0,8.89,1.0,44.0,4.0,2.0,-0.0,29.0,67.0,67.0,0
18.0,10.0,4.0,3.0,6.0,65.0,90.0,64.0,58.0,100.0,73.0,17.33,1.0,44.0,0.0,0.0,2.0,38.0,100.0,83.0,1
28.0,8.0,5.0,2.0,0.0,64.0,24.0,24.0,100.0,53.0,60.0,10.6,13.65,36.0,6.0,10.0,6.0,80.0,100.0,55.0,0
42.0,0.0,1.0,5.0,10.0,65.0,61.0,59.0,95.0,71.0,71.0,9.1,15.23,19.0,0.0,1.0,1.0,100.0,50.0,83.0,1
18.0,15.0,5.0,4.0,6.0,71.0,43.0,62.0,74.0,33.0,81.0,12.56,1.0,4.0,1.0,-0.0,2.0,32.0,100.0,89.0,1
18.0,2.0,3.0,1.0,3.0,93.0,97.0,83.0,100.0,22.0,100.0,2.12,6.62,31.0,3.0,11.0,0.0,69.0,41.0,70.0,0
29.0,8.0,2.0,2.0,0.0,75.0,98.0,69.0,78.0,33.0,91.0,11.49,14.7,36.0,5.0,6.0,0.0,94.0,68.0,56.0,1
29.0,7.0,5.0,2.0,3.0,57.0,51.0,24.0,100.0,5.0,56.0,7.46,31.07,29.0,4.0,5.0,0.0,100.0,32.0,78.0,0
60.0,0.0,2.0,2.0,5.0,70.0,70.0,16.0,100.0,46.0,62.0,10.71,24.17,19.0,0.0,1.0,2.0,91.0,0.0,76.0,0
45.0,0.0,1.0,0.0,0.0,65.0,83.0,80.0,16.0,26.0,97.0,16.61,1.0,1.0,7.0,17.0,7.0,25.0,44.0,61.0,0
21.0,1.0,4.0,0.0,3.0,79.0,65.0,97.0,100.0,70.0,71.0,6.7,5.45,43.0,0.0,11.0,2.0,94.0,100.0,85.0,1
44.0,8.0,5.0,0.0,7.0,47.0,63.0,43.0,100.0,45.0,60.0,1.0,26.94,13.0,0.0,2.0,2.0,100.0,58.0,66.0,1
39.0,0.0,3.0,5.0,10.0,35.0,50.0,41.0,100.0,91.0,79.0,10.54,17.69,25.0,0.0,1.0,1.0,100.0,65.0,80.0,1
47.0,13.0,5.0,6.0,3.0,72.0,58.0,29.0,34.0,66.0,69.0,1.0,11.28,25.0,6.0,8.0,6.0,63.0,100.0,58.0,0
18.0,8.0,5.0,2.0,1.0,100.0,83.0,30.0,88.0,87.0,61.0,13.2,2.94,58.0,5.0,8.0,4.0,55.0,100.0,89.0,0
19.0,7.0,5.0,6.0,7.0,57.0,72.0,60.0,58.0,100.0,70.0,1.76,8.23,17.0,2.0,-0.0,0.0,75.0,84.0,71.0,0
18.0,8.0,5.0,4.0,0.0,69.0,61.0,14.0,89.0,86.0,84.0,10.83,7.75,40.0,8.0,6.0,-0.0,47.0,94.0,64.0,0
49.0,0.0,3.0,2.0,1.0,89.0,91.0,81.0,75.0,62.0,73.0,11.5,7.31,19.0,2.0,8.0,4.0,84.0,73.0,53.0,1
46.0,12.0,3.0,0.0,-0.0,57.0,30.0,32.0,100.0,55.0,84.0,7.3,26.84,26.0,1.0,0.0,0.0,89.0,43.0,58.0,1
31.0,13.0,5.0,3.0,0.0,72.0,66.0,5.0,67.0,63.0,70.0,11.44,7.1,0.0,7.0,11.0,10.0,48.0,100.0,67.0,0
40.0,7.0,1.0,-0.0,0.0,66.0,79.0,100.0,55.0,97.0,40.0,10.28,8.91,42.0,1.0,3.0,0.0,100.0,89.0,88.0,1
60.0,12.0,1.0,2.0,0.0,82.0,69.0,60.0,42.0,57.0,60.0,4.43,21.51,66.0,2.0,0.0,0.0,92.0,0.0,77.0,1
45.0,11.0,5.0,3.0,0.0,68.0,64.0,17.0,86.0,33.0,63.0,8.7,15.81,48.0,4.0,7.0,8.0,58.0,85.0,59.0,0
21.0,13.0,4.0,5.0,1.0,83.0,75.0,10.0,63.0,53.0,55.0,6.93,9.8,0.0,7.0,7.0,4.0,52.0,93.0,82.0,0
54.0,0.0,5.0,1.0,0.0,65.0,68.0,57.0,100.0,58.0,64.0,9.92,16.95,12.0,4.0,7.0,2.0,86.0,46.0,71.0,0
28.0,9.0,2.0,2.0,6.0,63.0,82.0,19.0,100.0,0.0,56.0,7.08,39.96,34.0,1.0,4.0,-0.0,100.0,0.0,61.0,0
33.0,16.0,5.0,-0.0,0.0,53.0,89.0,100.0,24.0,79.0,87.0,1.66,2.11,39.0,2.0,8.0,4.0,62.0,100.0,66.0,1
58.0,4.0,1.0,-0.0,0.0,72.0,78.0,100.0,0.0,80.0,84.0,12.58,2.93,27.0,4.0,0.0,0.0,53.0,0.0,71.0,1
59.0,0.0,1.0,0.0,0.0,66.0,94.0,40.0,95.0,36.0,95.0,11.46,5.02,10.0,3.0,16.0,5.0,64.0,23.0,55.0,0
53.0,6.0,1.0,3.0,0.0,39.0,58.0,100.0,0.0,63.0,65.0,10.55,3.1,30.0,1.0,0.0,0.0,64.0,36.0,100.0,1
43.0,0.0,1.0,2.0,2.0,72.0,84.0,54.0,69.0,25.0,89.0,15.45,1.13,13.0,3.0,9.0,5.0,56.0,11.0,49.0,0
18.0,6.0,5.0,1.0,0.0,77.0,79.0,61.0,84.0,94.0,51.0,8.32,1.0,48.0,8.0,16.0,4.0,56.0,100.0,69.0,0
57.0,-0.0,1.0,2.0,0.0,74.0,50.0,53.0,57.0,18.0,93.0,7.77,6.73,38.0,5.0,12.0,6.0,57.0,16.0,91.0,0
30.0,6.0,1.0,6.0,10.0,73.0,74.0,100.0,19.0,45.0,69.0,1.0,1.42,55.0,0.0,2.0,0.0,75.0,38.0,77.0,0
18.0,0.0,1.0,8.0,10.0,70.0,76.0,75.0,66.0,90.0,79.0,9.38,2.4,15.0,0.0,5.0,3.0,100.0,100.0,64.0,1
53.0,0.0,1.0,0.0,8.0,63.0,78.0,43.0,33.0,19.0,79.0,1.0,1.0,36.0,-0.0,21.0,9.0,13.0,0.0,66.0,0
28.0,4.0,5.0,1.0,1.0,100.0,61.0,80.0,100.0,43.0,69.0,2.4,13.2,56.0,4.0,12.0,4.0,89.0,100.0,68.0,0
60.0,0.0,5.0,5.0,3.0,72.0,93.0,95.0,74.0,90.0,78.0,7.66,17.23,45.0,1.0,0.0,0.0,74.0,0.0,62.0,1
60.0,5.0,5.0,2.0,0.0,62.0,62.0,56.0,46.0,37.0,86.0,1.0,11.32,43.0,4.0,6.0,2.0,25.0,-0.0,88.0,0
20.0,7.0,1.0,1.0,3.0,73.0,67.0,5.0,100.0,26.0,88.0,9.59,16.37,26.0,4.0,11.0,1.0,100.0,45.0,81.0,1
42.0,12.0,3.0,3.0,7.0,86.0,65.0,4.0,100.0,59.0,75.0,10.66,23.55,16.0,0.0,0.0,2.0,86.0,45.0,66.0,1
46.0,3.0,2.0,4.0,4.0,100.0,71.0,97.0,55.0,75.0,48.0,3.76,13.52,39.0,1.0,0.0,0.0,100.0,52.0,77.0,1
41.0,6.0,1.0,0.0,0.0,64.0,100.0,61.0,85.0,20.0,58.0,5.51,15.29,23.0,7.0,17.0,0.0,100.0,38.0,65.0,1
56.0,8.0,1.0,1.0,0.0,67.0,68.0,49.0,41.0,78.0,81.0,3.14,6.25,43.0,2.0,6.0,2.0,40.0,45.0,49.0,0
60.0,0.0,2.0,3.0,0.0,73.0,64.0,67.0,83.0,76.0,74.0,16.24,16.92,41.0,4.0,2.0,-0.0,100.0,32.0,60.0,1
57.0,0.0,1.0,3.0,4.0,55.0,78.0,50.0,0.0,40.0,100.0,6.89,1.0,13.0,4.0,19.0,10.0,40.0,51.0,65.0,0
43.0,11.0,3.0,1.0,1.0,71.0,67.0,99.0,67.0,56.0,100.0,1.55,15.84,30.0,0.0,3.0,1.0,93.0,86.0,69.0,1
18.0,9.0,1.0,6.0,10.0,85.0,82.0,100.0,63.0,64.0,87.0,1.0,14.18,40.0,0.0,2.0,0.0,100.0,88.0,50.0,0
42.0,0.0,1.0,3.0,7.0,88.0,61.0,56.0,71.0,28.0,74.0,8.64,1.0,38.0,2.0,13.0,6.0,51.0,13.0,71.0,0
18.0,4.0,2.0,0.0,0.0,51.0,71.0,57.0,86.0,47.0,25.0,13.24,1.0,16.0,6.0,21.0,4.0,41.0,100.0,42.0,0
19.0,6.0,1.0,0.0,6.0,68.0,67.0,97.0,61.0,100.0,78.0,7.78,1.0,51.0,0.0,5.0,2.0,87.0,100.0,75.0,1
60.0,10.0,5.0,5.0,6.0,89.0,63.0,49.0,77.0,48.0,39.0,1.31,23.42,30.0,0.0,0.0,6.0,84.0,69.0,50.0,0
18.0,6.0,3.0,3.0,2.0,89.0,62.0,37.0,68.0,64.0,62.0,10.7,1.0,29.0,6.0,11.0,2.0,39.0,92.0,35.0,0
54.0,2.0,3.0,0.0,0.0,74.0,73.0,65.0,100.0,23.0,65.0,8.2,12.55,7.0,7.0,17.0,3.0,69.0,50.0,69.0,0
18.0,11.0,3.0,2.0,2.0,78.0,79.0,36.0,100.0,45.0,65.0,10.81,7.38,29.0,4.0,10.0,1.0,83.0,100.0,77.0,0
60.0,1.0,5.0,3.0,2.0,78.0,59.0,58.0,80.0,61.0,68.0,7.21,20.11,33.0,1.0,0.0,3.0,76.0,18.0,60.0,0
54.0,10.0,5.0,7.0,10.0,77.0,59.0,93.0,49.0,100.0,79.0,1.0,19.76,36.0,1.0,2.0,3.0,100.0,100.0,100.0,0
59.0,0.0,2.0,0.0,0.0,65.0,74.0,53.0,94.0,83.0,60.0,11.46,9.22,7.0,2.0,9.0,3.0,73.0,58.0,78.0,0
52.0,0.0,1.0,0.0,2.0,87.0,75.0,79.0,100.0,100.0,57.0,9.22,1.0,22.0,0.0,19.0,2.0,100.0,100.0,57.0,1
32.0,17.0,5.0,4.0,7.0,47.0,95.0,85.0,51.0,81.0,90.0,5.7,13.16,38.0,0.0,0.0,2.0,68.0,100.0,81.0,1
25.0,2.0,1.0,0.0,0.0,56.0,84.0,57.0,70.0,77.0,65.0,13.44,1.0,37.0,2.0,9.0,1.0,45.0,60.0,76.0,0
60.0,9.0,5.0,1.0,0.0,62.0,88.0,66.0,27.0,61.0,49.0,1.0,11.96,62.0,7.0,12.0,4.0,41.0,63.0,67.0,0
37.0,12.0,4.0,6.0,3.0,52.0,82.0,5.0,62.0,54.0,55.0,6.29,14.5,42.0,6.0,5.0,5.0,64.0,80.0,89.0,0
24.0,6.0,1.0,2.0,4.0,65.0,67.0,0.0,100.0,37.0,71.0,17.29,15.67,29.0,2.0,7.0,4.0,92.0,60.0,43.0,1
35.0,9.0,2.0,4.0,8.0,90.0,83.0,65.0,81.0,8.0,84.0,1.0,16.72,0.0,-0.0,6.0,3.0,99.0,52.0,93.0,0
60.0,9.0,4.0,0.0,0.0,53.0,66.0,70.0,57.0,85.0,74.0,7.6,11.68,24.0,10.0,17.0,3.0,79.0,100.0,76.0,0
43.0,4.0,1.0,0.0,0.0,74.0,74.0,76.0,92.0,75.0,80.0,10.27,5.63,16.0,1.0,13.0,5.0,94.0,100.0,73.0,1
44.0,4.0,1.0,2.0,10.0,75.0,69.0,61.0,94.0,83.0,70.0,4.12,10.81,38.0,0.0,1.0,5.0,100.0,95.0,53.0,1
60.0,0.0,2.0,5.0,3.0,80.0,85.0,100.0,31.0,93.0,65.0,8.66,11.53,42.0,0.0,0.0,0.0,90.0,25.0,69.0,1
18.0,0.0,2.0,1.0,1.0,51.0,48.0,100.0,73.0,67.0,97.0,16.91,1.0,30.0,3.0,8.0,2.0,79.0,100.0,81.0,1
60.0,0.0,1.0,0.0,3.0,82.0,69.0,22.0,100.0,47.0,61.0,2.19,10.64,42.0,-0.0,14.0,5.0,63.0,5.0,79.0,0
60.0,5.0,3.0,0.0,0.0,70.0,83.0,76.0,21.0,35.0,100.0,1.47,5.3,5.0,10.0,21.0,7.0,57.0,89.0,89.0,0
26.0,0.0,1.0,3.0,1.0,82.0,61.0,34.0,100.0,27.0,93.0,16.56,19.55,18.0,7.0,7.0,0.0,100.0,0.0,71.0,1
39.0,4.0,1.0,6.0,3.0,38.0,60.0,56.0,54.0,84.0,86.0,9.85,14.81,52.0,5.0,1.0,0.0,100.0,55.0,95.0,1
60.0,8.0,1.0,0.0,6.0,86.0,51.0,100.0,46.0,83.0,98.0,1.0,9.4,45.0,0.0,9.0,5.0,100.0,100.0,68.0,1
34.0,6.0,5.0,2.0,2.0,72.0,66.0,39.0,100.0,67.0,47.0,5.71,32.31,24.0,5.0,6.0,0.0,100.0,100.0,95.0,0
60.0,4.0,3.0,0.0,0.0,58.0,73.0,42.0,95.0,32.0,75.0,6.54,22.13,59.0,3.0,7.0,3.0,65.0,0.0,67.0,0
18.0,16.0,1.0,9.0,10.0,71.0,53.0,73.0,0.0,76.0,43.0,1.0,1.0,18.0,-0.0,6.0,5.0,31.0,100.0,66.0,0
43.0,6.0,4.0,6.0,9.0,57.0,59.0,76.0,100.0,46.0,91.0,1.0,28.06,18.0,-0.0,0.0,0.0,100.0,23.0,68.0,0
43.0,7.0,4.0,4.0,3.0,77.0,65.0,11.0,97.0,44.0,87.0,9.36,19.38,61.0,3.0,0.0,2.0,62.0,19.0,67.0,0
42.0,10.0,4.0,9.0,10.0,47.0,64.0,77.0,8.0,98.0,59.0,1.0,7.73,3.0,2.0,2.0,2.0,83.0,100.0,81.0,0
32.0,7.0,1.0,3.0,2.0,56.0,78.0,53.0,32.0,80.0,62.0,6.51,1.0,29.0,5.0,9.0,2.0,61.0,87.0,70.0,0
18.0,12.0,1.0,1.0,4.0,69.0,80.0,12.0,87.0,30.0,100.0,12.76,2.71,35.0,2.0,12.0,4.0,72.0,87.0,63.0,1
36.0,12.0,3.0,3.0,2.0,53.0,74.0,100.0,13.0,94.0,83.0,3.59,2.67,42.0,-0.0,0.0,0.0,47.0,85.0,59.0,1
35.0,5.0,2.0,3.0,2.0,69.0,84.0,57.0,47.0,75.0,60.0,4.91,1.65,8.0,3.0,6.0,1.0,43.0,55.0,77.0,0
18.0,16.0,1.0,5.0,8.0,85.0,64.0,0.0,64.0,54.0,55.0,15.35,2.78,48.0,1.0,1.0,5.0,57.0,96.0,57.0,1
18.0,9.0,1.0,5.0,5.0,49.0,86.0,47.0,52.0,44.0,83.0,3.49,1.0,52.0,5.0,9.0,-0.0,49.0,63.0,68.0,0
45.0,14.0,1.0,2.0,0.0,54.0,87.0,71.0,0.0,59.0,67.0,6.49,1.0,24.0,3.0,3.0,2.0,20.0,51.0,33.0,0
32.0,7.0,3.0,1.0,2.0,62.0,50.0,96.0,65.0,97.0,90.0,7.78,6.6,5.0,-0.0,2.0,1.0,86.0,100.0,83.0,1
18.0,8.0,1.0,0.0,4.0,72.0,60.0,46.0,100.0,58.0,77.0,4.77,11.03,29.0,0.0,9.0,0.0,88.0,83.0,85.0,1
31.0,0.0,5.0,3.0,8.0,84.0,81.0,100.0,70.0,100.0,54.0,11.03,1.0,32.0,0.0,2.0,5.0,82.0,100.0,70.0,1
60.0,8.0,4.0,7.0,10.0,74.0,79.0,85.0,65.0,35.0,26.0,1.0,25.36,17.0,0.0,1.0,1.0,100.0,36.0,88.0,0
18.0,11.0,5.0,3.0,2.0,59.0,100.0,69.0,22.0,100.0,77.0,6.11,1.0,57.0,6.0,14.0,6.0,44.0,100.0,64.0,0
37.0,6.0,1.0,8.0,3.0,83.0,61.0,100.0,0.0,100.0,82.0,12.66,1.0,28.0,1.0,0.0,0.0,48.0,48.0,65.0,1
58.0,3.0,2.0,3.0,1.0,83.0,73.0,66.0,21.0,62.0,67.0,7.21,1.32,39.0,3.0,6.0,5.0,41.0,41.0,65.0,0
36.0,13.0,1.0,1.0,0.0,60.0,87.0,71.0,38.0,65.0,68.0,7.41,7.79,51.0,3.0,4.0,0.0,67.0,69.0,70.0,1
18.0,7.0,2.0,0.0,1.0,75.0,38.0,55.0,100.0,49.0,82.0,14.97,1.0,2.0,4.0,18.0,3.0,100.0,100.0,49.0,0
18.0,7.0,5.0,1.0,0.0,66.0,54.0,42.0,100.0,61.0,58.0,6.92,15.28,31.0,9.0,13.0,0.0,88.0,100.0,66.0,0
60.0,3.0,1.0,1.0,0.0,93.0,100.0,90.0,51.0,100.0,85.0,10.74,12.13,32.0,2.0,3.0,0.0,100.0,89.0,66.0,1
18.0,4.0,5.0,3.0,4.0,61.0,62.0,87.0,55.0,95.0,51.0,2.91,1.0,51.0,4.0,10.0,0.0,51.0,100.0,61.0,0
60.0,4.0,1.0,3.0,6.0,66.0,49.0,31.0,49.0,82.0,78.0,5.81,11.59,36.0,0.0,2.0,5.0,70.0,29.0,79.0,0
24.0,-0.0,4.0,1.0,0.0,100.0,61.0,14.0,100.0,0.0,39.0,12.18,18.86,0.0,6.0,6.0,0.0,48.0,0.0,95.0,0
18.0,9.0,1.0,3.0,10.0,89.0,79.0,28.0,100.0,34.0,44.0,5.03,8.2,15.0,0.0,6.0,-0.0,87.0,52.0,75.0,1
60.0,0.0,2.0,0.0,0.0,78.0,74.0,100.0,100.0,56.0,62.0,6.85,31.07,29.0,4.0,8.0,0.0,100.0,27.0,59.0,1
22.0,5.0,1.0,3.0,-0.0,98.0,72.0,75.0,0.0,58.0,65.0,11.02,1.0,46.0,4.0,9.0,4.0,0.0,47.0,89.0,0
18.0,0.0,1.0,-0.0,1.0,100.0,89.0,88.0,60.0,27.0,83.0,15.14,1.0,54.0,3.0,16.0,3.0,14.0,31.0,82.0,0
18.0,14.0,1.0,5.0,4.0,82.0,100.0,39.0,57.0,17.0,54.0,10.55,14.52,32.0,3.0,1.0,0.0,90.0,38.0,77.0,1
18.0,5.0,4.0,2.0,10.0,81.0,64.0,58.0,100.0,37.0,65.0,6.95,1.0,18.0,0.0,9.0,8.0,63.0,100.0,67.0,1
24.0,2.0,1.0,4.0,1.0,68.0,75.0,68.0,12.0,28.0,36.0,14.73,1.0,46.0,6.0,9.0,4.0,29.0,34.0,42.0,0
41.0,8.0,1.0,0.0,0.0,76.0,35.0,34.0,70.0,82.0,64.0,7.42,4.83,34.0,4.0,13.0,1.0,62.0,78.0,86.0,0
18.0,11.0,1.0,2.0,6.0,34.0,70.0,34.0,100.0,62.0,81.0,11.46,11.68,0.0,0.0,1.0,2.0,86.0,86.0,72.0,1
18.0,12.0,1.0,1.0,9.0,51.0,75.0,53.0,89.0,56.0,71.0,8.27,1.0,50.0,0.0,6.0,6.0,71.0,100.0,48.0,1
60.0,0.0,1.0,0.0,1.0,61.0,65.0,100.0,59.0,100.0,83.0,4.56,1.0,30.0,-0.0,16.0,1.0,100.0,100.0,90.0,1
57.0,4.0,1.0,3.0,0.0,100.0,70.0,100.0,66.0,81.0,60.0,6.07,20.31,16.0,2.0,1.0,0.0,100.0,57.0,65.0,1
18.0,9.0,1.0,0.0,2.0,31.0,72.0,80.0,15.0,56.0,100.0,9.37,1.0,4.0,4.0,21.0,6.0,0.0,100.0,92.0,0
51.0,4.0,1.0,3.0,0.0,65.0,81.0,97.0,0.0,60.0,77.0,14.41,1.0,33.0,5.0,0.0,0.0,5.0,0.0,78.0,1
18.0,9.0,1.0,0.0,5.0,77.0,66.0,89.0,83.0,23.0,90.0,7.26,1.0,21.0,0.0,20.0,8.0,86.0,100.0,63.0,0
43.0,0.0,2.0,0.0,-0.0,53.0,76.0,34.0,100.0,11.0,63.0,9.96,13.85,27.0,4.0,16.0,3.0,79.0,6.0,76.0,0
21.0,0.0,3.0,0.0,4.0,59.0,79.0,100.0,100.0,22.0,61.0,8.13,20.27,23.0,0.0,7.0,0.0,100.0,21.0,88.0,1
60.0,0.0,1.0,10.0,9.0,74.0,63.0,78.0,34.0,71.0,59.0,12.28,16.06,30.0,1.0,0.0,0.0,94.0,0.0,76.0,1
38.0,0.0,5.0,4.0,9.0,62.0,35.0,67.0,88.0,100.0,85.0,8.68,6.82,26.0,0.0,0.0,1.0,79.0,70.0,77.0,1
21.0,11.0,3.0,-0.0,7.0,78.0,58.0,75.0,65.0,100.0,63.0,10.0,1.0,13.0,0.0,2.0,6.0,58.0,100.0,100.0,1
28.0,0.0,2.0,7.0,1.0,93.0,68.0,100.0,0.0,100.0,73.0,18.61,1.0,22.0,5.0,0.0,1.0,59.0,96.0,79.0,1
44.0,4.0,3.0,-0.0,0.0,100.0,64.0,56.0,99.0,60.0,42.0,11.04,15.64,32.0,1.0,0.0,0.0,56.0,12.0,47.0,0
18.0,1.0,3.0,0.0,2.0,71.0,45.0,100.0,78.0,41.0,58.0,8.49,1.0,36.0,0.0,10.0,2.0,86.0,100.0,89.0,1
47.0,15.0,5.0,7.0,9.0,80.0,93.0,43.0,100.0,89.0,74.0,1.0,36.62,41.0,1.0,0.0,2.0,100.0,100.0,72.0,0
28.0,9.0,2.0,5.0,2.0,63.0,48.0,100.0,22.0,87.0,70.0,7.9,4.79,30.0,3.0,2.0,-0.0,90.0,100.0,79.0,1
18.0,10.0,3.0,-0.0,5.0,49.0,68.0,59.0,93.0,42.0,63.0,10.79,1.0,34.0,-0.0,10.0,5.0,43.0,100.0,77.0,1
34.0,7.0,2.0,0.0,0.0,66.0,54.0,42.0,92.0,79.0,63.0,2.06,10.28,72.0,6.0,16.0,-0.0,78.0,100.0,76.0,0
32.0,12.0,3.0,4.0,9.0,88.0,54.0,59.0,95.0,38.0,69.0,1.26,21.11,15.0,0.0,3.0,3.0,100.0,94.0,61.0,0
39.0,3.0,1.0,0.0,7.0,70.0,64.0,15.0,100.0,57.0,45.0,7.67,16.14,10.0,-0.0,12.0,2.0,100.0,66.0,53.0,1
30.0,8.0,5.0,5.0,2.0,57.0,72.0,37.0,54.0,54.0,55.0,3.74,6.93,7.0,6.0,6.0,3.0,42.0,64.0,58.0,0
60.0,8.0,1.0,1.0,0.0,69.0,64.0,97.0,15.0,58.0,65.0,8.58,11.76,32.0,4.0,0.0,0.0,58.0,7.0,88.0,1
33.0,0.0,2.0,0.0,0.0,73.0,74.0,68.0,100.0,65.0,66.0,7.18,2.68,36.0,5.0,20.0,2.0,70.0,90.0,60.0,0
22.0,8.0,1.0,2.0,3.0,77.0,89.0,82.0,57.0,71.0,64.0,5.72,2.71,28.0,2.0,9.0,2.0,88.0,100.0,82.0,1
59.0,0.0,5.0,2.0,10.0,77.0,95.0,25.0,100.0,99.0,76.0,6.71,25.76,27.0,0.0,1.0,0.0,100.0,32.0,75.0,1
51.0,3.0,1.0,1.0,-0.0,85.0,89.0,100.0,39.0,100.0,60.0,9.52,5.65,25.0,0.0,0.0,0.0,74.0,41.0,94.0,1
35.0,1.0,1.0,6.0,2.0,52.0,100.0,100.0,0.0,100.0,80.0,16.57,1.0,23.0,2.0,0.0,0.0,54.0,43.0,74.0,1
59.0,2.0,1.0,3.0,2.0,60.0,73.0,72.0,0.0,36.0,54.0,6.74,1.0,22.0,3.0,12.0,8.0,16.0,29.0,71.0,0
18.0,3.0,1.0,1.0,4.0,78.0,55.0,58.0,96.0,73.0,82.0,18.95,1.0,31.0,1.0,5.0,1.0,79.0,98.0,66.0,1
30.0,9.0,5.0,6.0,6.0,73.0,56.0,53.0,65.0,92.0,46.0,2.2,12.59,53.0,3.0,1.0,1.0,81.0,100.0,59.0,0
48.0,10.0,1.0,0.0,0.0,43.0,66.0,60.0,74.0,41.0,56.0,5.5,19.51,28.0,3.0,7.0,0.0,100.0,39.0,78.0,1
46.0,6.0,5.0,5.0,10.0,42.0,69.0,100.0,86.0,100.0,59.0,1.0,22.6,15.0,0.0,0.0,0.0,100.0,100.0,69.0,0
60.0,0.0,3.0,2.0,0.0,61.0,82.0,59.0,91.0,35.0,57.0,15.31,20.97,29.0,2.0,2.0,4.0,95.0,20.0,71.0,0
32.0,2.0,4.0,0.0,0.0,89.0,69.0,55.0,100.0,90.0,60.0,10.44,16.98,23.0,2.0,10.0,0.0,85.0,77.0,89.0,0
35.0,6.0,1.0,2.0,2.0,76.0,70.0,80.0,65.0,75.0,68.0,6.29,10.7,35.0,1.0,5.0,0.0,100.0,67.0,47.0,1
49.0,4.0,4.0,4.0,4.0,66.0,75.0,51.0,79.0,29.0,66.0,1.0,16.22,31.0,4.0,8.0,4.0,78.0,42.0,100.0,0
57.0,5.0,4.0,2.0,1.0,72.0,94.0,38.0,99.0,59.0,49.0,8.29,22.86,33.0,2.0,-0.0,0.0,83.0,20.0,84.0,0
41.0,7.0,3.0,3.0,9.0,85.0,84.0,73.0,100.0,13.0,54.0,1.0,29.62,15.0,0.0,2.0,0.0,100.0,40.0,66.0,0
18.0,3.0,1.0,4.0,3.0,68.0,42.0,69.0,2.0,59.0,53.0,13.58,1.0,37.0,3.0,7.0,2.0,12.0,44.0,61.0,0
23.0,12.0,3.0,0.0,2.0,74.0,61.0,58.0,100.0,82.0,61.0,4.9,13.45,10.0,2.0,12.0,4.0,100.0,100.0,70.0,1
34.0,9.0,4.0,7.0,7.0,87.0,87.0,60.0,10.0,100.0,82.0,1.0,1.0,26.0,2.0,1.0,3.0,44.0,95.0,73.0,0
31.0,0.0,4.0,2.0,0.0,55.0,22.0,75.0,68.0,43.0,55.0,3.56,3.54,53.0,6.0,13.0,2.0,55.0,59.0,62.0,0
18.0,14.0,3.0,5.0,5.0,84.0,78.0,54.0,63.0,35.0,75.0,4.27,14.0,32.0,2.0,0.0,1.0,74.0,67.0,90.0,1
60.0,2.0,1.0,0.0,4.0,64.0,67.0,0.0,100.0,64.0,89.0,1.0,22.88,49.0,0.0,11.0,1.0,88.0,6.0,79.0,0
20.0,10.0,1.0,0.0,5.0,52.0,66.0,28.0,100.0,38.0,43.0,1.0,8.44,20.0,0.0,15.0,5.0,74.0,97.0,74.0,1
47.0,3.0,2.0,0.0,0.0,73.0,69.0,58.0,78.0,67.0,56.0,13.04,9.66,22.0,6.0,10.0,2.0,75.0,73.0,69.0,0
56.0,0.0,2.0,3.0,1.0,72.0,70.0,85.0,46.0,85.0,68.0,11.53,7.93,28.0,1.0,0.0,0.0,63.0,18.0,52.0,1
48.0,9.0,5.0,3.0,0.0,71.0,51.0,91.0,14.0,43.0,59.0,10.62,7.85,6.0,10.0,6.0,2.0,42.0,70.0,76.0,0
18.0,19.0,3.0,3.0,10.0,70.0,51.0,14.0,100.0,18.0,94.0,5.39,8.66,22.0,0.0,2.0,6.0,57.0,100.0,83.0,1
51.0,11.0,5.0,8.0,1.0,97.0,92.0,100.0,0.0,87.0,100.0,4.5,2.63,25.0,3.0,0.0,1.0,19.0,46.0,100.0,1
25.0,0.0,2.0,5.0,10.0,84.0,74.0,85.0,79.0,100.0,34.0,13.79,1.0,12.0,0.0,3.0,3.0,100.0,100.0,64.0,1
45.0,17.0,4.0,8.0,5.0,47.0,88.0,0.0,39.0,67.0,63.0,3.11,17.51,20.0,6.0,4.0,6.0,78.0,100.0,70.0,0
60.0,4.0,1.0,0.0,0.0,75.0,88.0,26.0,100.0,100.0,57.0,4.77,20.69,20.0,0.0,9.0,0.0,100.0,71.0,74.0,0
45.0,2.0,2.0,9.0,4.0,53.0,84.0,100.0,0.0,100.0,68.0,12.58,1.0,20.0,2.0,0.0,0.0,63.0,54.0,77.0,1
29.0,11.0,3.0,8.0,9.0,63.0,61.0,81.0,0.0,100.0,81.0,1.0,1.0,0.0,4.0,8.0,2.0,72.0,100.0,51.0,0
18.0,0.0,3.0,0.0,0.0,67.0,80.0,100.0,100.0,67.0,90.0,11.84,1.0,32.0,2.0,16.0,1.0,88.0,100.0,55.0,1
23.0,6.0,2.0,4.0,10.0,72.0,67.0,100.0,47.0,48.0,70.0,1.0,2.36,36.0,0.0,7.0,2.0,82.0,79.0,73.0,0
45.0,0.0,2.0,4.0,4.0,40.0,79.0,68.0,86.0,78.0,70.0,10.75,13.62,10.0,3.0,5.0,1.0,100.0,74.0,89.0,1
60.0,2.0,2.0,5.0,0.0,81.0,56.0,81.0,9.0,80.0,81.0,13.63,9.54,32.0,3.0,0.0,0.0,35.0,0.0,53.0,1
33.0,4.0,4.0,3.0,1.0,81.0,82.0,21.0,100.0,10.0,62.0,6.56,21.59,33.0,6.0,6.0,-0.0,73.0,0.0,100.0,0
21.0,3.0,3.0,2.0,2.0,84.0,99.0,53.0,62.0,27.0,74.0,6.95,1.0,31.0,3.0,8.0,3.0,16.0,19.0,94.0,0
45.0,5.0,1.0,6.0,4.0,96.0,67.0,94.0,13.0,63.0,65.0,10.74,7.85,15.0,2.0,1.0,0.0,100.0,41.0,57.0,1
18.0,8.0,2.0,5.0,5.0,81.0,82.0,89.0,36.0,28.0,99.0,11.29,1.0,21.0,3.0,6.0,4.0,64.0,96.0,100.0,1
18.0,8.0,3.0,2.0,0.0,82.0,68.0,59.0,91.0,41.0,79.0,16.81,9.69,42.0,5.0,4.0,1.0,70.0,80.0,67.0,1
18.0,14.0,2.0,1.0,1.0,74.0,67.0,31.0,100.0,4.0,67.0,6.55,10.87,42.0,7.0,19.0,6.0,96.0,100.0,74.0,0
58.0,-0.0,2.0,1.0,2.0,56.0,88.0,100.0,41.0,72.0,65.0,4.22,4.3,2.0,0.0,0.0,-0.0,50.0,13.0,68.0,1
29.0,5.0,5.0,3.0,0.0,60.0,85.0,36.0,86.0,28.0,50.0,3.48,11.75,24.0,8.0,12.0,2.0,49.0,46.0,72.0,0
43.0,10.0,3.0,5.0,10.0,65.0,37.0,81.0,82.0,56.0,82.0,1.0,23.61,44.0,0.0,0.0,0.0,100.0,69.0,61.0,0
45.0,0.0,3.0,-0.0,0.0,75.0,78.0,67.0,100.0,61.0,83.0,20.51,8.74,37.0,2.0,4.0,2.0,72.0,29.0,83.0,0
18.0,0.0,2.0,0.0,7.0,62.0,60.0,84.0,100.0,55.0,79.0,11.91,3.19,3.0,0.0,8.0,1.0,96.0,85.0,90.0,1
19.0,8.0,5.0,3.0,-0.0,76.0,78.0,13.0,100.0,57.0,77.0,9.51,17.4,63.0,7.0,5.0,-0.0,66.0,61.0,68.0,0
60.0,4.0,2.0,0.0,0.0,75.0,94.0,66.0,91.0,64.0,63.0,7.26,23.95,48.0,2.0,-0.0,0.0,84.0,1.0,86.0,1
52.0,1.0,5.0,3.0,6.0,84.0,47.0,72.0,82.0,77.0,88.0,5.21,13.64,53.0,0.0,0.0,1.0,73.0,32.0,100.0,1
39.0,9.0,5.0,2.0,0.0,45.0,61.0,64.0,85.0,91.0,43.0,2.09,18.89,17.0,3.0,1.0,0.0,81.0,80.0,84.0,0
18.0,1.0,3.0,0.0,1.0,55.0,66.0,79.0,100.0,32.0,72.0,13.04,2.52,41.0,2.0,15.0,0.0,89.0,100.0,55.0,0
18.0,6.0,1.0,5.0,10.0,77.0,84.0,100.0,0.0,100.0,82.0,1.0,1.0,17.0,0.0,10.0,5.0,87.0,100.0,88.0,0
52.0,0.0,1.0,1.0,7.0,100.0,79.0,42.0,26.0,23.0,82.0,6.25,1.0,59.0,0.0,14.0,7.0,6.0,0.0,55.0,0
59.0,8.0,4.0,1.0,6.0,69.0,96.0,56.0,100.0,74.0,65.0,4.93,20.67,31.0,0.0,-0.0,5.0,100.0,89.0,51.0,1
54.0,2.0,4.0,-0.0,0.0,56.0,61.0,68.0,100.0,94.0,63.0,12.07,25.25,25.0,2.0,1.0,0.0,100.0,71.0,62.0,1
54.0,13.0,4.0,1.0,0.0,42.0,64.0,29.0,93.0,100.0,77.0,8.39,27.06,37.0,1.0,0.0,0.0,74.0,37.0,89.0,0
18.0,14.0,1.0,2.0,10.0,51.0,88.0,40.0,34.0,77.0,65.0,7.11,1.0,21.0,0.0,11.0,8.0,58.0,100.0,48.0,1
18.0,16.0,2.0,3.0,2.0,69.0,70.0,33.0,61.0,33.0,67.0,14.52,2.67,25.0,2.0,6.0,8.0,52.0,100.0,65.0,1
60.0,0.0,5.0,10.0,10.0,58.0,71.0,75.0,71.0,100.0,93.0,13.04,16.48,31.0,0.0,0.0,1.0,95.0,0.0,55.0,1
60.0,3.0,1.0,8.0,0.0,60.0,59.0,100.0,0.0,57.0,73.0,9.18,19.8,27.0,6.0,0.0,0.0,59.0,0.0,66.0,1
60.0,3.0,1.0,1.0,4.0,71.0,60.0,6.0,71.0,26.0,62.0,1.0,11.34,29.0,3.0,16.0,6.0,60.0,-0.0,74.0,0
22.0,8.0,5.0,4.0,3.0,73.0,90.0,71.0,40.0,81.0,76.0,1.42,1.0,21.0,5.0,14.0,6.0,60.0,100.0,65.0,0
18.0,13.0,1.0,6.0,8.0,82.0,41.0,40.0,53.0,49.0,48.0,1.62,7.84,18.0,4.0,9.0,2.0,93.0,100.0,82.0,0
45.0,5.0,1.0,6.0,1.0,95.0,85.0,67.0,0.0,22.0,80.0,13.74,1.0,29.0,4.0,2.0,5.0,16.0,0.0,77.0,0
51.0,6.0,1.0,0.0,4.0,93.0,78.0,53.0,100.0,74.0,54.0,6.57,17.9,39.0,0.0,4.0,1.0,100.0,69.0,39.0,1
60.0,2.0,2.0,7.0,9.0,80.0,81.0,85.0,31.0,88.0,76.0,4.83,14.84,43.0,0.0,0.0,0.0,75.0,0.0,94.0,1
60.0,7.0,4.0,0.0,0.0,76.0,78.0,33.0,100.0,99.0,40.0,6.07,28.46,36.0,4.0,9.0,0.0,100.0,89.0,87.0,0
60.0,8.0,1.0,7.0,3.0,82.0,52.0,46.0,0.0,37.0,43.0,9.87,9.22,21.0,2.0,0.0,5.0,42.0,0.0,61.0,0
18.0,13.0,1.0,3.0,6.0,100.0,62.0,63.0,12.0,59.0,78.0,6.95,1.0,23.0,1.0,13.0,8.0,37.0,100.0,74.0,0
40.0,2.0,1.0,0.0,0.0,76.0,60.0,32.0,100.0,55.0,53.0,5.93,1.42,6.0,2.0,20.0,2.0,53.0,46.0,92.0,0
38.0,4.0,2.0,5.0,5.0,35.0,76.0,84.0,56.0,100.0,65.0,10.69,11.0,28.0,1.0,0.0,0.0,100.0,91.0,69.0,1
60.0,0.0,4.0,6.0,7.0,84.0,79.0,77.0,69.0,86.0,71.0,1.0,21.62,23.0,-0.0,0.0,0.0,87.0,0.0,67.0,1
60.0,1.0,2.0,1.0,9.0,92.0,81.0,54.0,100.0,74.0,74.0,3.47,24.79,42.0,0.0,0.0,0.0,100.0,7.0,77.0,1
29.0,-0.0,5.0,0.0,0.0,84.0,69.0,68.0,100.0,66.0,52.0,11.68,19.16,24.0,6.0,6.0,0.0,74.0,56.0,51.0,0
41.0,-0.0,1.0,5.0,10.0,66.0,59.0,34.0,46.0,49.0,87.0,5.9,1.0,18.0,0.0,0.0,2.0,22.0,0.0,57.0,0
49.0,0.0,1.0,0.0,-0.0,76.0,79.0,42.0,100.0,26.0,93.0,6.71,6.03,18.0,3.0,18.0,4.0,56.0,10.0,54.0,0
51.0,0.0,1.0,2.0,5.0,69.0,92.0,50.0,61.0,28.0,58.0,12.91,1.0,33.0,1.0,9.0,6.0,43.0,0.0,65.0,0
59.0,1.0,1.0,0.0,0.0,100.0,79.0,32.0,100.0,72.0,78.0,6.35,16.62,32.0,2.0,18.0,3.0,100.0,90.0,71.0,1
36.0,6.0,5.0,2.0,5.0,100.0,90.0,87.0,72.0,47.0,65.0,1.0,7.0,47.0,1.0,11.0,6.0,80.0,100.0,81.0,0
60.0,6.0,1.0,6.0,0.0,80.0,73.0,100.0,0.0,89.0,89.0,5.07,11.3,29.0,3.0,0.0,0.0,62.0,0.0,58.0,1
41.0,0.0,2.0,3.0,10.0,82.0,92.0,29.0,100.0,98.0,75.0,6.51,18.8,14.0,0.0,0.0,1.0,100.0,52.0,93.0,1
18.0,1.0,5.0,1.0,7.0,63.0,65.0,100.0,100.0,55.0,84.0,8.97,5.52,53.0,0.0,1.0,4.0,90.0,100.0,51.0,1
46.0,12.0,1.0,4.0,0.0,53.0,64.0,64.0,2.0,40.0,61.0,10.0,5.53,0.0,6.0,1.0,2.0,34.0,33.0,65.0,0
31.0,16.0,2.0,-0.0,6.0,60.0,81.0,91.0,47.0,60.0,51.0,1.0,1.0,36.0,0.0,12.0,9.0,73.0,100.0,81.0,1
40.0,2.0,3.0,0.0,0.0,61.0,57.0,64.0,94.0,49.0,67.0,11.58,7.92,40.0,5.0,8.0,0.0,40.0,28.0,66.0,0
18.0,5.0,5.0,5.0,0.0,94.0,42.0,87.0,51.0,79.0,52.0,20.7,6.77,22.0,7.0,0.0,0.0,57.0,73.0,63.0,0
60.0,3.0,5.0,7.0,10.0,53.0,88.0,72.0,58.0,100.0,58.0,4.37,16.76,56.0,0.0,0.0,-0.0,75.0,25.0,46.0,1
60.0,1.0,5.0,0.0,0.0,72.0,25.0,50.0,100.0,58.0,59.0,4.73,29.29,11.0,3.0,5.0,-0.0,96.0,34.0,75.0,0
45.0,1.0,1.0,2.0,1.0,95.0,85.0,68.0,97.0,95.0,82.0,9.22,17.99,42.0,3.0,4.0,0.0,100.0,64.0,60.0,1
38.0,1.0,3.0,3.0,0.0,64.0,56.0,59.0,80.0,31.0,47.0,12.99,10.49,22.0,4.0,4.0,2.0,62.0,16.0,60.0,0
18.0,2.0,4.0,1.0,6.0,48.0,39.0,100.0,81.0,69.0,64.0,1.0,1.0,28.0,1.0,17.0,3.0,100.0,100.0,58.0,0
48.0,7.0,1.0,1.0,4.0,57.0,51.0,11.0,86.0,69.0,75.0,3.85,13.67,42.0,1.0,5.0,0.0,65.0,22.0,37.0,0
49.0,0.0,3.0,1.0,1.0,90.0,70.0,52.0,100.0,51.0,69.0,18.94,19.53,33.0,0.0,0.0,0.0,68.0,0.0,64.0,0
18.0,6.0,1.0,2.0,2.0,53.0,73.0,42.0,92.0,0.0,73.0,3.75,7.21,32.0,5.0,15.0,2.0,49.0,0.0,77.0,0
34.0,0.0,3.0,0.0,0.0,80.0,59.0,100.0,64.0,56.0,48.0,18.0,1.0,23.0,6.0,16.0,5.0,36.0,77.0,71.0,0
18.0,10.0,2.0,7.0,10.0,52.0,95.0,99.0,29.0,69.0,69.0,1.0,3.81,44.0,2.0,8.0,0.0,94.0,100.0,85.0,0
20.0,13.0,1.0,1.0,0.0,63.0,73.0,32.0,74.0,56.0,74.0,12.99,7.25,27.0,4.0,9.0,3.0,73.0,100.0,52.0,1
39.0,-0.0,1.0,0.0,0.0,69.0,66.0,93.0,95.0,62.0,79.0,10.24,8.99,38.0,5.0,16.0,0.0,100.0,80.0,82.0,1
43.0,9.0,5.0,4.0,3.0,86.0,100.0,55.0,96.0,78.0,50.0,1.0,22.46,32.0,3.0,4.0,3.0,100.0,100.0,68.0,0
31.0,12.0,5.0,2.0,4.0,78.0,82.0,73.0,67.0,72.0,78.0,3.53,6.78,48.0,1.0,8.0,8.0,79.0,100.0,91.0,0
34.0,1.0,1.0,2.0,7.0,45.0,46.0,57.0,96.0,71.0,50.0,10.33,10.33,30.0,-0.0,8.0,2.0,100.0,90.0,69.0,1
18.0,8.0,5.0,2.0,0.0,72.0,48.0,30.0,85.0,100.0,66.0,10.69,1.0,25.0,10.0,13.0,2.0,50.0,100.0,71.0,0
56.0,5.0,1.0,2.0,0.0,69.0,70.0,80.0,36.0,59.0,56.0,7.04,8.82,22.0,-0.0,0.0,0.0,34.0,0.0,83.0,1
29.0,8.0,3.0,3.0,4.0,79.0,67.0,55.0,100.0,28.0,64.0,3.17,17.32,29.0,3.0,11.0,4.0,100.0,96.0,100.0,0
32.0,0.0,1.0,5.0,5.0,84.0,60.0,63.0,37.0,39.0,70.0,19.64,1.0,21.0,2.0,1.0,4.0,42.0,7.0,71.0,0
41.0,0.0,1.0,0.0,1.0,85.0,79.0,69.0,100.0,91.0,58.0,12.13,3.16,38.0,1.0,17.0,0.0,100.0,81.0,47.0,1
18.0,13.0,5.0,3.0,3.0,70.0,60.0,48.0,98.0,88.0,75.0,6.46,12.8,46.0,4.0,11.0,6.0,100.0,100.0,64.0,0
60.0,5.0,5.0,4.0,0.0,82.0,60.0,7.0,93.0,50.0,92.0,6.16,22.77,28.0,9.0,5.0,4.0,44.0,35.0,51.0,0
18.0,8.0,1.0,1.0,6.0,77.0,72.0,0.0,100.0,42.0,34.0,11.51,16.44,40.0,1.0,9.0,2.0,97.0,66.0,79.0,1
48.0,4.0,4.0,0.0,-0.0,63.0,91.0,37.0,100.0,74.0,72.0,1.0,19.39,48.0,3.0,11.0,-0.0,88.0,64.0,68.0,0
39.0,2.0,1.0,0.0,2.0,79.0,97.0,63.0,91.0,100.0,67.0,7.76,1.0,63.0,0.0,17.0,2.0,99.0,100.0,89.0,1
20.0,1.0,1.0,0.0,3.0,68.0,98.0,68.0,98.0,21.0,81.0,8.04,2.91,30.0,2.0,18.0,3.0,100.0,75.0,81.0,1
33.0,10.0,5.0,4.0,4.0,76.0,34.0,14.0,100.0,-0.0,69.0,9.45,31.46,26.0,2.0,0.0,2.0,96.0,19.0,75.0,1
43.0,-0.0,1.0,0.0,0.0,86.0,67.0,58.0,90.0,42.0,59.0,11.2,6.42,23.0,3.0,11.0,3.0,67.0,42.0,81.0,0
40.0,16.0,5.0,5.0,6.0,37.0,59.0,34.0,100.0,60.0,84.0,1.15,29.22,21.0,3.0,4.0,5.0,100.0,100.0,48.0,0
36.0,3.0,4.0,0.0,0.0,70.0,75.0,89.0,98.0,54.0,73.0,11.7,11.0,21.0,5.0,9.0,1.0,72.0,76.0,66.0,0
26.0,18.0,1.0,0.0,0.0,88.0,63.0,82.0,33.0,67.0,69.0,9.23,4.7,24.0,-0.0,6.0,0.0,88.0,87.0,88.0,1
18.0,12.0,5.0,0.0,3.0,80.0,73.0,88.0,72.0,95.0,61.0,3.05,1.0,50.0,0.0,12.0,7.0,53.0,100.0,65.0,1
53.0,0.0,2.0,2.0,4.0,78.0,84.0,39.0,100.0,68.0,50.0,9.4,15.46,21.0,0.0,3.0,1.0,83.0,21.0,58.0,1
50.0,8.0,1.0,0.0,7.0,68.0,76.0,54.0,100.0,39.0,63.0,1.0,13.84,44.0,0.0,14.0,7.0,100.0,100.0,62.0,1
25.0,2.0,3.0,2.0,1.0,63.0,46.0,83.0,100.0,5.0,86.0,13.16,14.29,38.0,4.0,7.0,3.0,98.0,55.0,64.0,1
38.0,11.0,1.0,2.0,0.0,59.0,47.0,100.0,0.0,87.0,75.0,6.28,1.0,41.0,0.0,0.0,0.0,34.0,63.0,86.0,1
56.0,10.0,5.0,9.0,9.0,79.0,46.0,61.0,17.0,96.0,76.0,1.0,14.56,33.0,2.0,0.0,2.0,73.0,75.0,61.0,0
26.0,5.0,1.0,0.0,5.0,56.0,67.0,0.0,100.0,61.0,72.0,10.51,5.63,31.0,-0.0,15.0,3.0,86.0,72.0,85.0,1
60.0,0.0,4.0,2.0,2.0,77.0,73.0,72.0,56.0,27.0,54.0,4.39,4.37,42.0,2.0,9.0,6.0,34.0,0.0,61.0,0
28.0,9.0,1.0,2.0,2.0,79.0,78.0,55.0,74.0,72.0,51.0,15.62,10.16,27.0,1.0,3.0,2.0,99.0,100.0,64.0,1
60.0,7.0,1.0,3.0,4.0,82.0,58.0,21.0,32.0,82.0,67.0,1.0,11.38,31.0,2.0,9.0,5.0,62.0,43.0,62.0,0
44.0,0.0,5.0,6.0,10.0,70.0,70.0,48.0,100.0,100.0,74.0,15.86,11.36,22.0,0.0,0.0,5.0,100.0,77.0,81.0,1
60.0,9.0,5.0,6.0,1.0,39.0,66.0,14.0,100.0,80.0,71.0,1.58,44.41,14.0,6.0,0.0,0.0,100.0,56.0,61.0,0
23.0,13.0,3.0,5.0,5.0,56.0,74.0,41.0,57.0,66.0,58.0,1.7,10.57,17.0,4.0,7.0,3.0,86.0,100.0,58.0,0
45.0,7.0,5.0,1.0,0.0,73.0,67.0,51.0,86.0,63.0,70.0,9.48,18.55,0.0,6.0,3.0,0.0,70.0,49.0,92.0,0
60.0,0.0,5.0,5.0,8.0,88.0,78.0,50.0,98.0,78.0,28.0,6.63,22.7,47.0,0.0,0.0,0.0,83.0,0.0,71.0,1
43.0,0.0,1.0,0.0,2.0,70.0,61.0,100.0,100.0,84.0,65.0,10.15,6.15,24.0,0.0,14.0,1.0,100.0,97.0,57.0,1
36.0,0.0,1.0,0.0,0.0,72.0,89.0,64.0,84.0,17.0,53.0,2.94,1.0,28.0,4.0,21.0,5.0,46.0,36.0,66.0,0
43.0,9.0,1.0,3.0,10.0,75.0,68.0,0.0,91.0,83.0,81.0,9.83,16.71,21.0,0.0,1.0,0.0,100.0,35.0,34.0,1
38.0,1.0,3.0,0.0,0.0,72.0,63.0,80.0,77.0,35.0,90.0,12.64,5.18,26.0,5.0,8.0,1.0,39.0,26.0,70.0,0
60.0,7.0,1.0,3.0,0.0,94.0,94.0,67.0,43.0,61.0,67.0,4.91,18.86,15.0,3.0,0.0,0.0,73.0,1.0,36.0,1
45.0,8.0,3.0,-0.0,0.0,60.0,67.0,30.0,100.0,89.0,91.0,6.2,20.83,47.0,3.0,4.0,0.0,86.0,64.0,87.0,0
53.0,0.0,5.0,6.0,10.0,69.0,100.0,53.0,100.0,100.0,87.0,9.64,18.11,31.0,0.0,0.0,3.0,100.0,57.0,87.0,1
18.0,5.0,5.0,2.0,-0.0,50.0,77.0,21.0,100.0,63.0,70.0,13.76,8.98,34.0,4.0,2.0,0.0,36.0,44.0,73.0,0
31.0,8.0,4.0,0.0,4.0,43.0,94.0,29.0,100.0,3.0,58.0,10.89,34.67,25.0,-0.0,3.0,2.0,100.0,47.0,85.0,0
60.0,0.0,1.0,1.0,5.0,73.0,19.0,64.0,48.0,55.0,81.0,3.25,1.0,23.0,0.0,9.0,5.0,33.0,13.0,65.0,0
34.0,10.0,5.0,4.0,4.0,77.0,60.0,47.0,77.0,74.0,56.0,4.89,12.7,8.0,3.0,6.0,6.0,87.0,100.0,56.0,0
38.0,17.0,1.0,2.0,4.0,78.0,51.0,23.0,66.0,62.0,81.0,8.09,14.71,31.0,-0.0,2.0,4.0,86.0,97.0,53.0,1
18.0,12.0,5.0,0.0,4.0,81.0,64.0,20.0,100.0,11.0,65.0,4.61,17.6,31.0,2.0,9.0,4.0,70.0,79.0,68.0,1
43.0,11.0,5.0,3.0,4.0,69.0,64.0,47.0,100.0,100.0,80.0,7.67,25.38,33.0,-0.0,0.0,5.0,100.0,100.0,81.0,0
51.0,7.0,2.0,5.0,4.0,72.0,59.0,100.0,19.0,80.0,62.0,5.28,9.9,43.0,-0.0,0.0,0.0,75.0,42.0,61.0,1
20.0,14.0,3.0,0.0,3.0,93.0,59.0,74.0,84.0,24.0,67.0,1.0,5.09,12.0,0.0,15.0,7.0,71.0,100.0,59.0,1
18.0,7.0,1.0,0.0,4.0,28.0,67.0,28.0,100.0,9.0,31.0,1.37,3.61,32.0,3.0,23.0,2.0,84.0,81.0,66.0,1
18.0,12.0,2.0,0.0,0.0,75.0,67.0,19.0,100.0,27.0,59.0,14.13,7.54,34.0,6.0,17.0,6.0,93.0,100.0,55.0,0
54.0,3.0,1.0,0.0,0.0,99.0,81.0,76.0,57.0,27.0,88.0,14.07,3.67,44.0,8.0,17.0,4.0,45.0,56.0,58.0,0
30.0,6.0,5.0,3.0,0.0,77.0,93.0,19.0,100.0,25.0,72.0,8.06,19.61,32.0,6.0,7.0,2.0,70.0,35.0,68.0,0
35.0,-0.0,1.0,0.0,0.0,67.0,80.0,31.0,100.0,78.0,96.0,11.47,8.24,23.0,4.0,15.0,1.0,86.0,76.0,71.0,0
44.0,9.0,1.0,4.0,0.0,48.0,99.0,100.0,0.0,80.0,68.0,6.68,1.08,28.0,1.0,0.0,0.0,63.0,30.0,73.0,1
43.0,10.0,3.0,6.0,6.0,47.0,72.0,41.0,9.0,80.0,62.0,4.27,1.0,31.0,2.0,3.0,7.0,28.0,87.0,54.0,0
60.0,0.0,2.0,7.0,4.0,59.0,75.0,72.0,53.0,79.0,57.0,10.59,18.08,38.0,3.0,0.0,0.0,83.0,0.0,85.0,1
20.0,14.0,1.0,1.0,8.0,39.0,53.0,49.0,56.0,75.0,76.0,8.85,1.0,7.0,0.0,6.0,9.0,61.0,100.0,49.0,1
21.0,15.0,5.0,2.0,1.0,75.0,33.0,9.0,74.0,82.0,63.0,14.68,5.54,46.0,4.0,7.0,9.0,60.0,100.0,70.0,0
31.0,4.0,1.0,0.0,8.0,64.0,69.0,62.0,96.0,70.0,49.0,6.42,8.03,25.0,0.0,5.0,1.0,93.0,68.0,65.0,1
18.0,6.0,1.0,3.0,10.0,54.0,69.0,98.0,54.0,0.0,69.0,1.0,1.0,27.0,0.0,13.0,-0.0,79.0,34.0,70.0,0
18.0,4.0,3.0,1.0,4.0,72.0,86.0,54.0,100.0,35.0,69.0,8.18,11.79,42.0,2.0,7.0,0.0,85.0,56.0,100.0,0
46.0,3.0,1.0,6.0,9.0,75.0,73.0,74.0,51.0,94.0,47.0,5.35,12.45,55.0,0.0,0.0,0.0,95.0,24.0,39.0,1
18.0,0.0,1.0,6.0,6.0,72.0,62.0,100.0,27.0,100.0,76.0,17.3,1.0,21.0,3.0,7.0,3.0,98.0,100.0,58.0,1
33.0,4.0,2.0,2.0,1.0,83.0,86.0,66.0,44.0,67.0,57.0,13.41,1.0,17.0,1.0,0.0,-0.0,15.0,3.0,74.0,0
32.0,8.0,5.0,6.0,7.0,71.0,95.0,61.0,67.0,97.0,78.0,1.57,12.52,66.0,2.0,3.0,2.0,97.0,100.0,87.0,0
60.0,11.0,4.0,7.0,0.0,49.0,55.0,96.0,0.0,79.0,59.0,5.63,1.0,33.0,8.0,4.0,5.0,26.0,92.0,87.0,0
56.0,10.0,5.0,5.0,1.0,61.0,91.0,20.0,100.0,100.0,91.0,6.15,37.3,21.0,5.0,0.0,2.0,100.0,100.0,81.0,0
52.0,1.0,1.0,0.0,8.0,76.0,79.0,52.0,100.0,99.0,77.0,1.91,19.42,37.0,0.0,4.0,0.0,100.0,45.0,80.0,1
45.0,1.0,1.0,1.0,0.0,58.0,75.0,53.0,61.0,45.0,76.0,8.8,2.74,34.0,7.0,16.0,4.0,60.0,61.0,56.0,0
49.0,0.0,1.0,0.0,1.0,58.0,58.0,52.0,29.0,25.0,50.0,1.81,1.0,35.0,3.0,21.0,7.0,15.0,21.0,64.0,0
37.0,11.0,5.0,6.0,0.0,73.0,67.0,45.0,34.0,100.0,81.0,1.0,6.96,45.0,9.0,8.0,5.0,65.0,100.0,71.0,0
26.0,5.0,1.0,3.0,0.0,54.0,37.0,95.0,43.0,81.0,88.0,12.37,1.77,26.0,3.0,5.0,0.0,82.0,97.0,65.0,1
18.0,5.0,4.0,0.0,6.0,68.0,62.0,97.0,100.0,20.0,69.0,1.4,1.0,37.0,0.0,18.0,8.0,72.0,100.0,82.0,1
25.0,1.0,5.0,1.0,4.0,50.0,51.0,88.0,100.0,40.0,79.0,2.58,15.51,12.0,1.0,7.0,0.0,94.0,63.0,56.0,0
32.0,12.0,1.0,0.0,6.0,78.0,52.0,0.0,89.0,100.0,49.0,11.58,5.64,25.0,0.0,3.0,5.0,65.0,100.0,53.0,1
60.0,5.0,3.0,1.0,0.0,67.0,56.0,54.0,100.0,66.0,52.0,7.21,26.59,7.0,2.0,2.0,-0.0,100.0,49.0,89.0,1
33.0,5.0,4.0,4.0,5.0,59.0,81.0,64.0,81.0,42.0,79.0,1.0,13.47,9.0,3.0,7.0,1.0,83.0,59.0,64.0,0
43.0,0.0,5.0,1.0,4.0,78.0,69.0,53.0,100.0,50.0,63.0,11.41,11.68,22.0,-0.0,-0.0,0.0,47.0,0.0,100.0,0
18.0,4.0,4.0,1.0,3.0,100.0,72.0,81.0,71.0,59.0,52.0,3.1,1.0,35.0,4.0,16.0,5.0,74.0,100.0,59.0,0
60.0,2.0,3.0,0.0,0.0,84.0,73.0,45.0,100.0,29.0,67.0,9.57,17.6,55.0,7.0,14.0,3.0,75.0,37.0,78.0,0
29.0,0.0,2.0,0.0,6.0,66.0,90.0,49.0,100.0,90.0,46.0,9.05,19.63,53.0,1.0,13.0,2.0,100.0,100.0,66.0,1
41.0,0.0,4.0,0.0,0.0,56.0,89.0,61.0,100.0,81.0,88.0,13.6,16.71,29.0,2.0,7.0,0.0,85.0,57.0,92.0,0
37.0,8.0,1.0,5.0,2.0,78.0,66.0,46.0,33.0,73.0,37.0,7.41,5.2,35.0,5.0,7.0,2.0,73.0,82.0,69.0,0
35.0,10.0,5.0,4.0,3.0,74.0,65.0,51.0,68.0,100.0,75.0,5.27,10.29,43.0,4.0,5.0,5.0,79.0,100.0,60.0,0
50.0,0.0,3.0,2.0,7.0,79.0,64.0,39.0,100.0,58.0,56.0,9.68,13.86,29.0,-0.0,5.0,3.0,83.0,23.0,77.0,1
26.0,0.0,3.0,0.0,1.0,79.0,69.0,81.0,100.0,29.0,66.0,7.24,14.74,39.0,3.0,14.0,2.0,100.0,85.0,62.0,1
60.0,0.0,3.0,0.0,-0.0,83.0,28.0,30.0,100.0,77.0,93.0,8.83,22.99,71.0,-0.0,6.0,2.0,94.0,26.0,45.0,0
55.0,0.0,1.0,0.0,0.0,80.0,70.0,79.0,51.0,27.0,84.0,16.56,1.0,43.0,8.0,17.0,7.0,58.0,58.0,44.0,0
31.0,6.0,4.0,4.0,5.0,73.0,38.0,66.0,93.0,50.0,85.0,1.0,18.62,24.0,4.0,8.0,0.0,100.0,80.0,69.0,0
60.0,0.0,5.0,0.0,0.0,44.0,68.0,47.0,100.0,82.0,66.0,9.05,21.97,26.0,6.0,11.0,1.0,100.0,81.0,82.0,0
18.0,15.0,2.0,0.0,8.0,98.0,65.0,21.0,100.0,28.0,88.0,1.27,2.19,43.0,0.0,12.0,7.0,45.0,100.0,83.0,1
18.0,15.0,1.0,5.0,8.0,70.0,57.0,74.0,32.0,71.0,62.0,1.0,1.13,18.0,2.0,12.0,6.0,100.0,100.0,83.0,0
33.0,2.0,5.0,0.0,0.0,46.0,62.0,11.0,100.0,100.0,56.0,14.7,30.09,31.0,10.0,6.0,1.0,89.0,100.0,89.0,0
20.0,11.0,3.0,2.0,2.0,67.0,51.0,83.0,73.0,46.0,39.0,10.26,7.84,24.0,0.0,2.0,4.0,75.0,100.0,67.0,1
20.0,0.0,5.0,0.0,0.0,38.0,100.0,100.0,100.0,31.0,56.0,11.41,9.01,21.0,4.0,10.0,0.0,95.0,99.0,78.0,1
55.0,10.0,5.0,4.0,7.0,66.0,58.0,78.0,81.0,66.0,84.0,1.0,19.11,37.0,0.0,2.0,7.0,100.0,100.0,82.0,0
51.0,5.0,1.0,4.0,0.0,68.0,88.0,100.0,0.0,81.0,63.0,11.7,6.15,30.0,8.0,2.0,0.0,74.0,48.0,55.0,1
18.0,13.0,4.0,1.0,4.0,56.0,94.0,72.0,78.0,-0.0,78.0,10.73,1.0,31.0,1.0,11.0,9.0,42.0,100.0,99.0,1
29.0,0.0,2.0,8.0,10.0,64.0,70.0,100.0,47.0,100.0,84.0,15.42,1.0,25.0,0.0,0.0,0.0,100.0,89.0,56.0,1
32.0,14.0,3.0,5.0,7.0,100.0,72.0,46.0,48.0,97.0,92.0,10.55,10.1,19.0,0.0,0.0,3.0,70.0,100.0,95.0,1
52.0,-0.0,1.0,2.0,8.0,65.0,79.0,21.0,80.0,63.0,70.0,9.01,6.06,0.0,0.0,4.0,3.0,56.0,0.0,80.0,0
24.0,0.0,1.0,2.0,2.0,81.0,91.0,60.0,75.0,46.0,79.0,14.14,1.51,31.0,3.0,6.0,2.0,58.0,34.0,91.0,0
47.0,6.0,1.0,4.0,0.0,71.0,81.0,100.0,0.0,84.0,65.0,13.73,3.12,28.0,6.0,1.0,0.0,73.0,61.0,71.0,1
43.0,10.0,5.0,5.0,7.0,68.0,74.0,56.0,100.0,78.0,64.0,1.0,35.16,15.0,1.0,1.0,1.0,100.0,100.0,60.0,0
47.0,9.0,1.0,3.0,-0.0,80.0,78.0,52.0,31.0,87.0,84.0,12.94,6.74,34.0,3.0,1.0,2.0,67.0,70.0,65.0,0
18.0,17.0,3.0,1.0,0.0,91.0,53.0,11.0,100.0,18.0,96.0,10.94,7.12,23.0,4.0,8.0,2.0,40.0,84.0,79.0,1
22.0,5.0,1.0,0.0,1.0,57.0,79.0,83.0,81.0,55.0,78.0,9.39,3.9,20.0,1.0,11.0,0.0,94.0,85.0,87.0,1
20.0,13.0,1.0,1.0,8.0,57.0,76.0,10.0,100.0,22.0,77.0,1.7,15.31,20.0,-0.0,9.0,3.0,88.0,68.0,63.0,1
49.0,7.0,1.0,0.0,0.0,69.0,57.0,100.0,0.0,87.0,78.0,10.8,1.0,32.0,2.0,0.0,0.0,36.0,8.0,65.0,1
18.0,10.0,1.0,0.0,0.0,74.0,69.0,13.0,85.0,47.0,83.0,11.03,1.0,11.0,5.0,17.0,2.0,57.0,94.0,74.0,1
18.0,3.0,2.0,0.0,3.0,62.0,55.0,90.0,91.0,94.0,52.0,9.94,1.0,21.0,1.0,12.0,3.0,100.0,100.0,63.0,1
19.0,6.0,1.0,2.0,5.0,73.0,79.0,86.0,46.0,93.0,73.0,10.15,1.0,30.0,-0.0,4.0,2.0,71.0,100.0,71.0,1
32.0,0.0,4.0,2.0,0.0,66.0,47.0,63.0,77.0,54.0,81.0,9.18,5.13,31.0,4.0,6.0,1.0,46.0,32.0,41.0,0
37.0,3.0,1.0,0.0,1.0,76.0,87.0,57.0,90.0,88.0,50.0,11.52,7.01,26.0,-0.0,4.0,0.0,71.0,61.0,99.0,0
50.0,12.0,1.0,0.0,0.0,48.0,62.0,42.0,58.0,55.0,73.0,4.97,10.28,47.0,6.0,14.0,1.0,63.0,72.0,56.0,0
18.0,5.0,2.0,2.0,5.0,71.0,63.0,67.0,100.0,44.0,90.0,4.96,7.65,27.0,4.0,12.0,0.0,100.0,91.0,67.0,0
57.0,-0.0,1.0,1.0,4.0,100.0,48.0,31.0,56.0,33.0,80.0,8.43,1.0,49.0,1.0,13.0,6.0,52.0,9.0,68.0,0
18.0,22.0,2.0,4.0,3.0,70.0,89.0,63.0,31.0,50.0,34.0,11.8,6.32,13.0,0.0,0.0,4.0,49.0,100.0,100.0,1
29.0,11.0,5.0,7.0,9.0,63.0,81.0,90.0,47.0,87.0,69.0,1.0,12.65,44.0,2.0,5.0,2.0,100.0,100.0,61.0,0
60.0,20.0,1.0,6.0,0.0,66.0,52.0,27.0,1.0,72.0,87.0,4.97,20.39,36.0,4.0,0.0,1.0,75.0,55.0,82.0,0
23.0,5.0,1.0,0.0,0.0,53.0,59.0,65.0,80.0,78.0,94.0,17.94,1.0,18.0,9.0,25.0,4.0,56.0,100.0,92.0,1
22.0,0.0,4.0,2.0,6.0,44.0,64.0,100.0,95.0,100.0,58.0,11.79,1.11,36.0,0.0,11.0,6.0,100.0,100.0,73.0,1
22.0,13.0,1.0,0.0,0.0,85.0,77.0,100.0,10.0,66.0,95.0,9.47,1.0,56.0,4.0,10.0,0.0,98.0,100.0,55.0,1
18.0,2.0,1.0,-0.0,3.0,89.0,59.0,82.0,0.0,52.0,74.0,5.71,1.0,3.0,1.0,15.0,4.0,0.0,29.0,51.0,0
55.0,2.0,4.0,8.0,8.0,93.0,80.0,81.0,25.0,93.0,69.0,5.9,11.85,20.0,-0.0,0.0,0.0,68.0,7.0,71.0,1
18.0,0.0,4.0,6.0,10.0,65.0,60.0,95.0,77.0,100.0,65.0,14.38,1.0,32.0,0.0,4.0,4.0,100.0,100.0,65.0,1
25.0,16.0,5.0,5.0,3.0,78.0,80.0,53.0,42.0,100.0,96.0,2.12,6.08,43.0,5.0,9.0,7.0,93.0,100.0,97.0,0
39.0,0.0,1.0,-0.0,7.0,58.0,70.0,56.0,47.0,0.0,62.0,9.29,1.0,29.0,0.0,20.0,9.0,17.0,0.0,78.0,0
38.0,13.0,1.0,3.0,6.0,53.0,67.0,17.0,50.0,88.0,63.0,13.4,7.79,32.0,0.0,0.0,3.0,62.0,69.0,87.0,1
33.0,10.0,4.0,3.0,1.0,81.0,50.0,12.0,100.0,12.0,70.0,7.08,20.62,76.0,6.0,10.0,5.0,82.0,69.0,72.0,0
48.0,3.0,1.0,4.0,0.0,71.0,77.0,88.0,37.0,89.0,78.0,10.41,12.28,55.0,4.0,0.0,0.0,96.0,25.0,93.0,1
18.0,22.0,1.0,8.0,10.0,66.0,66.0,25.0,26.0,53.0,80.0,10.5,3.83,48.0,0.0,0.0,4.0,45.0,100.0,55.0,1
20.0,7.0,1.0,3.0,6.0,92.0,87.0,36.0,100.0,0.0,86.0,5.15,15.43,38.0,2.0,6.0,1.0,80.0,10.0,81.0,0
26.0,21.0,4.0,4.0,6.0,80.0,75.0,11.0,69.0,57.0,66.0,7.87,14.4,53.0,0.0,0.0,6.0,58.0,100.0,67.0,1
43.0,14.0,1.0,-0.0,0.0,79.0,68.0,60.0,72.0,56.0,87.0,4.8,16.47,56.0,-0.0,4.0,0.0,94.0,73.0,58.0,1
31.0,1.0,1.0,0.0,2.0,87.0,67.0,71.0,100.0,69.0,69.0,13.58,11.9,32.0,1.0,6.0,0.0,100.0,71.0,72.0,1
42.0,3.0,1.0,0.0,1.0,39.0,62.0,55.0,71.0,74.0,64.0,5.09,4.37,39.0,2.0,10.0,2.0,64.0,66.0,78.0,0
55.0,7.0,1.0,1.0,0.0,62.0,99.0,80.0,30.0,75.0,54.0,12.13,7.09,35.0,3.0,0.0,0.0,52.0,32.0,88.0,1
18.0,8.0,1.0,3.0,9.0,81.0,57.0,27.0,61.0,91.0,52.0,14.37,1.0,14.0,0.0,4.0,0.0,95.0,74.0,59.0,1
46.0,0.0,2.0,6.0,10.0,48.0,70.0,50.0,92.0,84.0,75.0,8.42,7.22,30.0,0.0,0.0,2.0,73.0,0.0,46.0,1
41.0,9.0,1.0,2.0,5.0,54.0,70.0,0.0,91.0,63.0,83.0,6.12,15.39,25.0,3.0,9.0,2.0,98.0,57.0,81.0,1
28.0,0.0,5.0,5.0,8.0,90.0,59.0,82.0,67.0,100.0,35.0,11.57,1.0,26.0,0.0,2.0,3.0,66.0,91.0,69.0,1
20.0,0.0,1.0,0.0,0.0,73.0,50.0,61.0,94.0,72.0,52.0,12.19,1.0,16.0,3.0,17.0,2.0,45.0,67.0,87.0,0
27.0,0.0,1.0,0.0,6.0,57.0,57.0,59.0,100.0,52.0,63.0,11.7,1.0,19.0,0.0,16.0,4.0,51.0,29.0,50.0,0
18.0,11.0,5.0,5.0,6.0,61.0,63.0,65.0,100.0,86.0,89.0,1.0,21.59,17.0,3.0,5.0,0.0,100.0,100.0,100.0,0
29.0,0.0,2.0,1.0,10.0,78.0,55.0,85.0,100.0,90.0,84.0,7.33,9.94,67.0,0.0,6.0,1.0,100.0,100.0,62.0,1
23.0,4.0,5.0,0.0,0.0,89.0,49.0,77.0,100.0,66.0,57.0,21.26,10.98,21.0,6.0,9.0,1.0,85.0,100.0,67.0,1
45.0,0.0,1.0,0.0,0.0,72.0,67.0,58.0,63.0,29.0,65.0,6.74,1.0,47.0,4.0,29.0,7.0,33.0,53.0,72.0,0
23.0,11.0,4.0,1.0,7.0,73.0,100.0,17.0,100.0,84.0,59.0,12.29,7.17,34.0,0.0,2.0,7.0,63.0,100.0,74.0,1
18.0,8.0,5.0,2.0,0.0,77.0,81.0,43.0,100.0,73.0,47.0,9.2,14.65,-0.0,5.0,8.0,1.0,93.0,100.0,80.0,0
60.0,0.0,1.0,0.0,2.0,63.0,72.0,100.0,97.0,100.0,83.0,11.75,10.39,45.0,0.0,6.0,2.0,100.0,100.0,68.0,1
56.0,5.0,1.0,1.0,3.0,70.0,93.0,25.0,79.0,73.0,63.0,1.36,12.54,22.0,2.0,11.0,2.0,80.0,58.0,87.0,0
18.0,0.0,2.0,2.0,8.0,100.0,73.0,74.0,71.0,32.0,84.0,7.21,1.0,11.0,2.0,15.0,4.0,24.0,15.0,100.0,0
49.0,10.0,5.0,5.0,9.0,80.0,87.0,80.0,79.0,83.0,100.0,1.0,21.78,27.0,-0.0,3.0,4.0,100.0,100.0,78.0,0
25.0,-0.0,1.0,0.0,0.0,64.0,79.0,85.0,42.0,40.0,61.0,8.68,1.0,37.0,6.0,22.0,5.0,25.0,75.0,59.0,0
43.0,9.0,5.0,3.0,1.0,71.0,89.0,37.0,100.0,35.0,57.0,2.74,31.1,53.0,5.0,7.0,2.0,100.0,87.0,72.0,0
31.0,7.0,2.0,3.0,2.0,60.0,86.0,33.0,44.0,23.0,62.0,6.09,1.0,0.0,5.0,10.0,6.0,27.0,39.0,69.0,0
23.0,13.0,1.0,1.0,0.0,57.0,78.0,32.0,73.0,69.0,77.0,16.82,8.63,49.0,4.0,6.0,3.0,77.0,100.0,52.0,1
24.0,0.0,1.0,0.0,8.0,69.0,44.0,33.0,100.0,65.0,75.0,14.76,3.21,17.0,0.0,4.0,-0.0,51.0,0.0,78.0,0
19.0,1.0,1.0,0.0,3.0,60.0,85.0,61.0,53.0,75.0,64.0,8.94,1.0,26.0,1.0,9.0,1.0,22.0,42.0,79.0,0
34.0,2.0,1.0,0.0,2.0,88.0,66.0,48.0,55.0,89.0,59.0,8.21,1.0,49.0,2.0,8.0,1.0,35.0,52.0,90.0,0
18.0,3.0,3.0,2.0,5.0,50.0,60.0,34.0,100.0,86.0,34.0,13.39,5.24,25.0,3.0,8.0,3.0,86.0,100.0,60.0,1
34.0,11.0,1.0,7.0,10.0,55.0,89.0,45.0,28.0,35.0,83.0,1.0,6.23,35.0,1.0,3.0,4.0,63.0,52.0,62.0,0
41.0,12.0,1.0,3.0,0.0,71.0,98.0,58.0,69.0,20.0,56.0,7.29,18.89,45.0,4.0,4.0,2.0,89.0,50.0,62.0,1
41.0,8.0,1.0,0.0,0.0,55.0,75.0,100.0,43.0,66.0,63.0,6.8,1.0,48.0,-0.0,13.0,6.0,93.0,100.0,65.0,1
60.0,0.0,1.0,6.0,3.0,53.0,82.0,100.0,3.0,87.0,70.0,12.11,3.05,55.0,1.0,0.0,0.0,69.0,11.0,89.0,1
41.0,4.0,1.0,0.0,0.0,79.0,98.0,67.0,72.0,93.0,66.0,18.61,8.91,27.0,5.0,9.0,0.0,100.0,100.0,47.0,1
56.0,0.0,1.0,3.0,7.0,83.0,66.0,44.0,38.0,48.0,63.0,1.0,1.0,1.0,3.0,15.0,7.0,29.0,17.0,77.0,0
18.0,0.0,5.0,0.0,0.0,77.0,62.0,62.0,100.0,70.0,93.0,14.11,1.0,56.0,10.0,20.0,1.0,44.0,100.0,37.0,0
18.0,8.0,2.0,4.0,3.0,100.0,63.0,26.0,85.0,21.0,50.0,5.33,11.18,29.0,6.0,10.0,1.0,69.0,41.0,82.0,0
44.0,13.0,2.0,8.0,9.0,82.0,100.0,34.0,43.0,20.0,97.0,1.0,19.78,20.0,2.0,1.0,1.0,80.0,15.0,60.0,0
55.0,8.0,1.0,4.0,1.0,61.0,75.0,41.0,0.0,40.0,77.0,6.98,1.0,22.0,5.0,9.0,6.0,33.0,33.0,70.0,0
60.0,0.0,1.0,4.0,3.0,48.0,85.0,69.0,14.0,4.0,58.0,10.89,1.0,32.0,1.0,5.0,8.0,13.0,0.0,64.0,0
40.0,0.0,2.0,3.0,5.0,63.0,65.0,48.0,69.0,35.0,73.0,9.51,5.8,31.0,1.0,2.0,2.0,40.0,0.0,73.0,0
18.0,13.0,3.0,3.0,6.0,67.0,49.0,47.0,100.0,0.0,50.0,4.25,15.59,33.0,1.0,5.0,2.0,77.0,53.0,72.0,1
18.0,2.0,1.0,0.0,0.0,75.0,88.0,100.0,86.0,66.0,81.0,14.46,1.0,29.0,4.0,20.0,1.0,83.0,100.0,73.0,1
59.0,4.0,1.0,6.0,2.0,43.0,52.0,38.0,39.0,22.0,63.0,5.35,11.5,18.0,7.0,11.0,6.0,74.0,32.0,98.0,0
28.0,0.0,5.0,0.0,0.0,78.0,81.0,96.0,100.0,19.0,66.0,2.79,21.52,35.0,3.0,15.0,0.0,100.0,53.0,75.0,1
45.0,0.0,3.0,0.0,0.0,58.0,55.0,19.0,100.0,73.0,54.0,2.12,16.99,31.0,4.0,20.0,0.0,77.0,53.0,55.0,0
30.0,4.0,1.0,0.0,0.0,100.0,71.0,75.0,67.0,100.0,52.0,11.41,7.5,57.0,2.0,4.0,0.0,100.0,57.0,67.0,1
47.0,7.0,1.0,2.0,0.0,72.0,89.0,92.0,12.0,57.0,81.0,7.09,4.39,40.0,2.0,0.0,0.0,51.0,3.0,66.0,1
18.0,8.0,1.0,5.0,7.0,65.0,48.0,90.0,17.0,90.0,66.0,6.21,1.0,27.0,1.0,2.0,2.0,68.0,100.0,78.0,1
44.0,8.0,1.0,6.0,4.0,64.0,61.0,83.0,0.0,86.0,60.0,7.35,3.89,42.0,0.0,0.0,0.0,43.0,2.0,64.0,1
41.0,10.0,2.0,3.0,3.0,80.0,74.0,96.0,31.0,61.0,78.0,1.0,7.24,27.0,0.0,2.0,-0.0,61.0,55.0,81.0,1
18.0,0.0,3.0,5.0,3.0,69.0,47.0,100.0,12.0,100.0,56.0,13.98,1.0,63.0,3.0,4.0,1.0,74.0,100.0,43.0,1
35.0,6.0,5.0,4.0,3.0,68.0,71.0,73.0,82.0,96.0,68.0,1.0,13.66,46.0,4.0,8.0,3.0,94.0,100.0,79.0,0
41.0,8.0,4.0,0.0,4.0,57.0,62.0,75.0,100.0,41.0,62.0,2.84,26.14,34.0,0.0,2.0,1.0,100.0,70.0,68.0,1
18.0,10.0,3.0,5.0,1.0,62.0,74.0,54.0,71.0,29.0,54.0,16.05,6.32,32.0,6.0,1.0,0.0,60.0,65.0,88.0,1
18.0,30.0,5.0,6.0,7.0,59.0,79.0,0.0,96.0,0.0,60.0,7.49,17.32,41.0,2.0,0.0,8.0,17.0,87.0,46.0,1
56.0,0.0,1.0,4.0,8.0,91.0,90.0,62.0,76.0,84.0,93.0,11.08,12.05,10.0,0.0,0.0,0.0,91.0,0.0,43.0,1
35.0,0.0,1.0,0.0,0.0,84.0,78.0,61.0,87.0,53.0,63.0,4.21,1.0,31.0,4.0,21.0,4.0,50.0,65.0,88.0,0
29.0,0.0,3.0,6.0,10.0,60.0,49.0,72.0,100.0,100.0,49.0,4.71,13.51,33.0,0.0,1.0,2.0,100.0,100.0,58.0,1
25.0,2.0,2.0,3.0,10.0,75.0,91.0,34.0,100.0,97.0,64.0,4.35,15.01,27.0,0.0,5.0,1.0,100.0,98.0,72.0,1
32.0,1.0,1.0,2.0,0.0,60.0,65.0,100.0,0.0,23.0,69.0,17.42,1.0,22.0,8.0,12.0,5.0,13.0,48.0,94.0,0
42.0,7.0,2.0,3.0,-0.0,73.0,61.0,100.0,0.0,83.0,78.0,7.0,1.0,38.0,1.0,1.0,2.0,54.0,89.0,80.0,1
18.0,17.0,5.0,6.0,10.0,67.0,47.0,23.0,100.0,5.0,56.0,5.72,20.73,34.0,0.0,0.0,4.0,64.0,56.0,84.0,1
45.0,0.0,1.0,1.0,10.0,58.0,93.0,98.0,95.0,98.0,78.0,9.0,7.6,42.0,0.0,0.0,0.0,100.0,16.0,69.0,1
45.0,0.0,3.0,2.0,10.0,64.0,77.0,37.0,100.0,71.0,71.0,9.6,15.09,29.0,0.0,7.0,4.0,100.0,42.0,76.0,1
18.0,2.0,3.0,0.0,0.0,76.0,68.0,80.0,100.0,62.0,56.0,15.37,1.0,44.0,4.0,19.0,4.0,69.0,100.0,86.0,1
42.0,0.0,1.0,-0.0,6.0,54.0,60.0,0.0,100.0,58.0,84.0,8.29,19.32,39.0,2.0,12.0,0.0,100.0,14.0,88.0,1
30.0,2.0,2.0,4.0,6.0,47.0,67.0,43.0,89.0,64.0,64.0,16.12,11.99,34.0,-0.0,0.0,0.0,70.0,9.0,65.0,0
31.0,7.0,5.0,2.0,2.0,57.0,74.0,45.0,96.0,44.0,84.0,6.68,12.74,41.0,4.0,9.0,6.0,77.0,100.0,62.0,0
35.0,7.0,1.0,1.0,2.0,100.0,66.0,29.0,84.0,77.0,50.0,15.33,9.82,32.0,1.0,2.0,2.0,76.0,70.0,61.0,1
60.0,6.0,3.0,4.0,4.0,52.0,89.0,88.0,42.0,83.0,64.0,1.0,21.75,0.0,0.0,0.0,0.0,72.0,0.0,58.0,1
55.0,1.0,4.0,0.0,0.0,50.0,57.0,76.0,95.0,52.0,70.0,8.29,12.17,44.0,5.0,12.0,2.0,63.0,58.0,67.0,0
59.0,6.0,5.0,4.0,5.0,62.0,74.0,75.0,75.0,78.0,80.0,1.0,18.69,37.0,2.0,3.0,5.0,89.0,100.0,55.0,0
18.0,9.0,5.0,2.0,4.0,78.0,87.0,92.0,73.0,88.0,75.0,1.0,3.04,8.0,3.0,14.0,6.0,98.0,100.0,59.0,0
52.0,0.0,2.0,0.0,0.0,60.0,59.0,49.0,100.0,36.0,50.0,12.19,13.37,22.0,5.0,13.0,3.0,81.0,39.0,65.0,0
53.0,8.0,1.0,6.0,6.0,85.0,53.0,84.0,26.0,75.0,76.0,3.38,15.82,13.0,0.0,0.0,0.0,100.0,28.0,56.0,1
21.0,4.0,5.0,5.0,10.0,77.0,64.0,77.0,70.0,91.0,59.0,2.04,1.0,25.0,0.0,1.0,5.0,62.0,100.0,77.0,1
18.0,17.0,3.0,1.0,1.0,78.0,53.0,61.0,58.0,59.0,50.0,11.9,1.0,36.0,1.0,8.0,7.0,40.0,100.0,79.0,1
35.0,13.0,3.0,8.0,10.0,74.0,44.0,98.0,0.0,94.0,52.0,1.0,1.0,18.0,1.0,9.0,6.0,88.0,100.0,81.0,0
60.0,3.0,1.0,0.0,0.0,93.0,83.0,57.0,17.0,59.0,78.0,9.15,1.0,56.0,4.0,15.0,7.0,45.0,63.0,52.0,0
50.0,1.0,1.0,3.0,3.0,95.0,66.0,56.0,48.0,43.0,60.0,6.73,4.19,20.0,4.0,10.0,5.0,59.0,39.0,66.0,0
36.0,5.0,3.0,3.0,5.0,70.0,58.0,52.0,100.0,0.0,67.0,1.0,25.69,69.0,3.0,6.0,0.0,100.0,13.0,40.0,0
28.0,0.0,2.0,3.0,10.0,95.0,74.0,67.0,100.0,72.0,75.0,11.07,10.69,40.0,0.0,10.0,4.0,100.0,100.0,82.0,1
44.0,0.0,2.0,0.0,4.0,80.0,72.0,61.0,100.0,99.0,65.0,15.07,11.02,35.0,-0.0,4.0,1.0,100.0,74.0,73.0,1
60.0,1.0,1.0,0.0,0.0,93.0,84.0,61.0,52.0,25.0,94.0,12.47,7.07,0.0,3.0,9.0,6.0,56.0,12.0,94.0,0
54.0,6.0,1.0,0.0,0.0,53.0,96.0,74.0,86.0,98.0,66.0,13.7,18.2,57.0,0.0,-0.0,-0.0,100.0,91.0,78.0,1
39.0,11.0,1.0,3.0,3.0,80.0,62.0,91.0,27.0,63.0,81.0,2.9,6.07,9.0,0.0,0.0,-0.0,57.0,53.0,72.0,1
22.0,11.0,5.0,4.0,-0.0,55.0,86.0,18.0,62.0,100.0,57.0,10.6,3.97,19.0,7.0,9.0,6.0,57.0,100.0,100.0,0
60.0,3.0,4.0,1.0,1.0,95.0,69.0,36.0,100.0,62.0,56.0,11.91,24.46,27.0,-0.0,0.0,0.0,76.0,0.0,64.0,0
50.0,0.0,1.0,3.0,4.0,65.0,81.0,100.0,68.0,88.0,82.0,13.37,8.28,46.0,0.0,1.0,0.0,100.0,39.0,94.0,1
33.0,0.0,1.0,0.0,0.0,50.0,74.0,71.0,73.0,20.0,88.0,14.34,1.0,35.0,7.0,21.0,5.0,42.0,46.0,64.0,0
48.0,0.0,1.0,2.0,1.0,78.0,86.0,68.0,34.0,47.0,56.0,8.2,1.0,21.0,5.0,16.0,7.0,48.0,58.0,77.0,0
60.0,4.0,5.0,0.0,0.0,66.0,89.0,46.0,100.0,86.0,57.0,8.79,37.99,28.0,4.0,6.0,0.0,100.0,76.0,89.0,0
35.0,0.0,1.0,-0.0,0.0,80.0,53.0,83.0,30.0,20.0,80.0,7.39,1.0,14.0,8.0,30.0,10.0,20.0,63.0,33.0,0
18.0,2.0,2.0,0.0,0.0,63.0,57.0,89.0,100.0,42.0,87.0,12.79,1.0,4.0,1.0,16.0,3.0,69.0,100.0,62.0,1
41.0,4.0,2.0,0.0,0.0,45.0,52.0,58.0,95.0,90.0,89.0,9.32,9.24,27.0,1.0,6.0,-0.0,68.0,66.0,69.0,0
56.0,7.0,1.0,5.0,0.0,71.0,100.0,100.0,0.0,72.0,39.0,11.75,5.6,36.0,8.0,1.0,0.0,75.0,34.0,69.0,1
51.0,1.0,1.0,0.0,0.0,59.0,62.0,42.0,72.0,44.0,67.0,9.68,5.04,13.0,6.0,18.0,5.0,76.0,67.0,72.0,0
32.0,8.0,5.0,4.0,5.0,61.0,74.0,77.0,98.0,64.0,82.0,1.0,18.35,9.0,2.0,6.0,2.0,100.0,100.0,97.0,0
42.0,7.0,5.0,4.0,4.0,66.0,68.0,62.0,91.0,59.0,67.0,1.22,18.85,45.0,2.0,3.0,3.0,84.0,85.0,65.0,0
60.0,0.0,3.0,9.0,8.0,73.0,77.0,100.0,37.0,99.0,80.0,13.31,14.15,32.0,1.0,0.0,0.0,94.0,0.0,86.0,1
18.0,8.0,1.0,2.0,10.0,70.0,75.0,54.0,82.0,65.0,50.0,6.74,2.63,55.0,0.0,10.0,4.0,100.0,100.0,57.0,1
47.0,7.0,1.0,0.0,0.0,68.0,62.0,40.0,100.0,53.0,59.0,8.5,22.78,65.0,3.0,9.0,0.0,100.0,57.0,69.0,1
59.0,0.0,1.0,0.0,-0.0,72.0,79.0,14.0,100.0,48.0,82.0,4.5,16.71,44.0,2.0,17.0,2.0,84.0,24.0,62.0,0
25.0,7.0,2.0,7.0,10.0,58.0,77.0,100.0,0.0,91.0,81.0,1.0,1.0,24.0,-0.0,7.0,2.0,76.0,100.0,73.0,0
18.0,6.0,1.0,0.0,0.0,50.0,41.0,0.0,100.0,12.0,100.0,13.92,16.26,13.0,7.0,12.0,0.0,77.0,9.0,69.0,1
52.0,1.0,4.0,0.0,1.0,51.0,64.0,33.0,100.0,84.0,75.0,5.09,18.97,45.0,3.0,9.0,1.0,97.0,68.0,87.0,0
60.0,0.0,5.0,10.0,8.0,69.0,87.0,85.0,35.0,100.0,76.0,14.27,20.7,10.0,3.0,0.0,0.0,100.0,0.0,28.0,1
31.0,9.0,2.0,6.0,8.0,85.0,67.0,64.0,34.0,56.0,58.0,1.0,6.51,11.0,2.0,5.0,2.0,72.0,72.0,47.0,0
18.0,3.0,5.0,1.0,4.0,99.0,62.0,100.0,94.0,51.0,51.0,1.0,4.75,59.0,3.0,15.0,1.0,97.0,100.0,58.0,0
36.0,-0.0,5.0,0.0,0.0,77.0,72.0,100.0,100.0,78.0,69.0,11.82,9.01,27.0,1.0,10.0,4.0,100.0,100.0,61.0,1
60.0,0.0,2.0,0.0,3.0,47.0,59.0,76.0,100.0,61.0,88.0,1.0,33.0,46.0,0.0,10.0,-0.0,100.0,25.0,53.0,1
51.0,8.0,5.0,0.0,0.0,63.0,62.0,37.0,100.0,66.0,47.0,2.62,21.53,24.0,1.0,9.0,3.0,89.0,92.0,77.0,1
18.0,5.0,3.0,5.0,9.0,91.0,82.0,7.0,100.0,35.0,84.0,18.33,14.91,44.0,-0.0,0.0,1.0,79.0,31.0,81.0,1
35.0,0.0,3.0,5.0,7.0,81.0,89.0,71.0,74.0,83.0,58.0,11.5,4.98,31.0,2.0,6.0,4.0,98.0,99.0,95.0,1
18.0,13.0,5.0,1.0,7.0,70.0,74.0,69.0,98.0,60.0,70.0,7.02,3.14,28.0,0.0,1.0,7.0,43.0,100.0,65.0,1
44.0,1.0,1.0,6.0,7.0,92.0,81.0,77.0,49.0,65.0,79.0,10.95,10.64,42.0,1.0,-0.0,-0.0,100.0,36.0,77.0,1
35.0,4.0,3.0,1.0,1.0,58.0,68.0,100.0,58.0,92.0,99.0,8.76,3.18,25.0,1.0,6.0,2.0,87.0,100.0,67.0,1
37.0,9.0,5.0,4.0,-0.0,77.0,58.0,45.0,22.0,86.0,77.0,3.64,1.0,19.0,7.0,11.0,8.0,24.0,100.0,71.0,0
60.0,0.0,4.0,8.0,8.0,96.0,62.0,100.0,5.0,85.0,64.0,5.96,6.04,8.0,0.0,0.0,-0.0,48.0,0.0,100.0,1
18.0,21.0,3.0,7.0,8.0,71.0,63.0,43.0,36.0,70.0,44.0,16.84,9.84,27.0,0.0,0.0,5.0,66.0,100.0,85.0,1
22.0,6.0,5.0,2.0,-0.0,75.0,56.0,84.0,82.0,78.0,61.0,1.21,5.02,34.0,6.0,16.0,6.0,83.0,100.0,72.0,0
21.0,0.0,2.0,0.0,0.0,73.0,70.0,91.0,85.0,45.0,54.0,13.69,1.0,33.0,8.0,21.0,3.0,47.0,91.0,87.0,0
52.0,9.0,5.0,3.0,4.0,78.0,57.0,63.0,90.0,48.0,89.0,1.76,18.54,21.0,2.0,9.0,8.0,100.0,100.0,83.0,0
60.0,8.0,5.0,3.0,0.0,73.0,100.0,22.0,100.0,0.0,65.0,1.0,45.16,19.0,5.0,2.0,3.0,100.0,8.0,60.0,0
35.0,5.0,3.0,3.0,6.0,90.0,57.0,58.0,100.0,3.0,96.0,1.0,25.67,23.0,3.0,8.0,0.0,100.0,17.0,81.0,0
27.0,12.0,5.0,4.0,6.0,48.0,61.0,74.0,51.0,100.0,57.0,1.14,5.78,37.0,2.0,9.0,7.0,99.0,100.0,94.0,0
60.0,7.0,1.0,0.0,6.0,54.0,87.0,60.0,58.0,100.0,70.0,1.01,3.81,28.0,0.0,10.0,5.0,98.0,100.0,72.0,1
18.0,22.0,4.0,3.0,10.0,57.0,77.0,19.0,75.0,61.0,54.0,11.03,1.0,42.0,0.0,0.0,9.0,29.0,100.0,68.0,1
53.0,11.0,1.0,0.0,0.0,41.0,77.0,52.0,23.0,100.0,59.0,14.62,1.13,28.0,5.0,11.0,4.0,80.0,100.0,55.0,1
59.0,5.0,1.0,0.0,5.0,82.0,84.0,15.0,100.0,79.0,67.0,6.71,20.31,20.0,0.0,5.0,0.0,100.0,36.0,87.0,1
42.0,2.0,2.0,1.0,0.0,37.0,58.0,29.0,100.0,91.0,66.0,21.19,21.78,23.0,6.0,0.0,0.0,100.0,38.0,87.0,1
46.0,1.0,1.0,0.0,1.0,42.0,69.0,59.0,35.0,32.0,88.0,6.25,1.0,29.0,2.0,15.0,6.0,24.0,20.0,66.0,0
60.0,0.0,2.0,4.0,0.0,58.0,80.0,100.0,58.0,81.0,90.0,15.57,15.53,14.0,5.0,1.0,0.0,100.0,31.0,62.0,1
50.0,0.0,5.0,4.0,10.0,83.0,58.0,87.0,100.0,100.0,66.0,5.35,13.6,11.0,0.0,0.0,1.0,100.0,70.0,86.0,1
27.0,5.0,2.0,5.0,10.0,78.0,81.0,100.0,32.0,100.0,79.0,5.68,1.0,19.0,0.0,0.0,2.0,73.0,100.0,93.0,1
37.0,5.0,3.0,0.0,0.0,64.0,79.0,44.0,100.0,14.0,51.0,14.53,23.71,28.0,4.0,8.0,2.0,100.0,54.0,93.0,1
30.0,9.0,5.0,4.0,6.0,72.0,47.0,82.0,85.0,73.0,63.0,1.0,15.09,37.0,3.0,12.0,4.0,100.0,100.0,75.0,0
58.0,5.0,3.0,2.0,0.0,74.0,54.0,100.0,0.0,48.0,64.0,15.37,1.0,40.0,14.0,19.0,8.0,66.0,100.0,72.0,0
28.0,6.0,1.0,-0.0,0.0,65.0,77.0,82.0,69.0,64.0,63.0,8.32,4.26,41.0,2.0,10.0,1.0,88.0,100.0,72.0,1
60.0,0.0,1.0,0.0,0.0,53.0,69.0,66.0,100.0,78.0,74.0,4.9,15.8,0.0,1.0,19.0,5.0,100.0,100.0,80.0,1
28.0,0.0,1.0,2.0,1.0,80.0,42.0,91.0,23.0,1.0,62.0,15.79,1.0,38.0,6.0,19.0,9.0,10.0,16.0,74.0,0
60.0,10.0,1.0,0.0,0.0,65.0,60.0,66.0,59.0,100.0,66.0,5.66,5.68,13.0,0.0,16.0,5.0,95.0,100.0,48.0,1
34.0,2.0,1.0,0.0,9.0,58.0,64.0,14.0,100.0,53.0,83.0,5.18,16.57,43.0,0.0,10.0,2.0,100.0,48.0,35.0,1
29.0,0.0,5.0,0.0,-0.0,64.0,62.0,98.0,100.0,100.0,65.0,13.45,3.79,43.0,0.0,12.0,4.0,100.0,100.0,62.0,1
47.0,12.0,5.0,6.0,10.0,77.0,75.0,83.0,60.0,77.0,56.0,1.0,20.27,14.0,0.0,3.0,3.0,100.0,100.0,45.0,0
60.0,2.0,3.0,1.0,0.0,61.0,92.0,35.0,100.0,58.0,62.0,12.13,23.36,34.0,3.0,4.0,3.0,96.0,30.0,62.0,0
51.0,-0.0,5.0,1.0,8.0,53.0,75.0,45.0,100.0,81.0,69.0,3.28,23.97,24.0,0.0,4.0,2.0,100.0,70.0,51.0,1
30.0,3.0,1.0,2.0,4.0,82.0,59.0,56.0,59.0,81.0,60.0,14.47,1.0,17.0,0.0,2.0,1.0,59.0,51.0,70.0,0
55.0,3.0,3.0,2.0,0.0,29.0,74.0,44.0,83.0,51.0,56.0,8.52,16.43,8.0,3.0,4.0,1.0,73.0,21.0,76.0,1
18.0,9.0,5.0,2.0,1.0,58.0,92.0,56.0,90.0,66.0,79.0,6.96,5.37,35.0,5.0,12.0,5.0,78.0,100.0,42.0,0
32.0,11.0,3.0,4.0,6.0,62.0,53.0,74.0,30.0,53.0,81.0,1.0,1.21,17.0,2.0,11.0,8.0,68.0,100.0,75.0,0
50.0,11.0,5.0,7.0,3.0,47.0,76.0,15.0,36.0,55.0,55.0,1.0,13.91,25.0,7.0,5.0,4.0,50.0,54.0,85.0,0
60.0,0.0,1.0,2.0,1.0,58.0,84.0,70.0,100.0,61.0,74.0,11.77,26.09,29.0,3.0,6.0,0.0,100.0,15.0,59.0,1
55.0,9.0,5.0,6.0,1.0,87.0,50.0,54.0,70.0,100.0,81.0,1.0,22.71,44.0,6.0,2.0,2.0,87.0,100.0,70.0,0
31.0,17.0,1.0,4.0,0.0,67.0,74.0,75.0,0.0,43.0,94.0,6.8,5.75,9.0,5.0,3.0,0.0,70.0,43.0,60.0,1
18.0,4.0,5.0,0.0,0.0,62.0,56.0,13.0,100.0,25.0,64.0,17.66,10.47,48.0,8.0,17.0,3.0,72.0,100.0,44.0,0
34.0,0.0,5.0,2.0,9.0,63.0,54.0,34.0,100.0,92.0,75.0,10.6,9.67,34.0,-0.0,8.0,6.0,96.0,100.0,45.0,1
51.0,0.0,5.0,0.0,0.0,73.0,79.0,79.0,100.0,0.0,66.0,1.0,30.28,48.0,4.0,14.0,-0.0,100.0,21.0,77.0,1
43.0,7.0,5.0,6.0,8.0,80.0,59.0,73.0,70.0,85.0,75.0,1.0,16.95,57.0,-0.0,0.0,0.0,96.0,75.0,62.0,0
18.0,10.0,3.0,4.0,4.0,87.0,56.0,62.0,25.0,84.0,92.0,2.69,1.0,27.0,5.0,9.0,2.0,33.0,100.0,72.0,0
38.0,9.0,1.0,4.0,1.0,84.0,65.0,85.0,0.0,55.0,68.0,8.4,1.0,50.0,2.0,0.0,0.0,33.0,2.0,73.0,1
26.0,11.0,5.0,1.0,2.0,61.0,55.0,39.0,100.0,19.0,84.0,7.45,24.56,37.0,2.0,8.0,5.0,100.0,100.0,41.0,0
55.0,1.0,2.0,5.0,5.0,41.0,65.0,77.0,55.0,82.0,57.0,7.8,13.0,0.0,0.0,0.0,-0.0,86.0,29.0,62.0,1
37.0,0.0,1.0,0.0,1.0,94.0,77.0,59.0,48.0,23.0,69.0,3.15,1.0,35.0,4.0,20.0,5.0,13.0,17.0,26.0,0
46.0,7.0,4.0,0.0,0.0,64.0,86.0,63.0,100.0,78.0,59.0,10.86,17.98,32.0,6.0,8.0,0.0,76.0,81.0,70.0,0
54.0,3.0,1.0,2.0,4.0,75.0,53.0,40.0,39.0,47.0,52.0,10.01,1.52,18.0,1.0,9.0,5.0,60.0,31.0,47.0,0
33.0,13.0,1.0,0.0,7.0,60.0,37.0,25.0,70.0,90.0,85.0,1.0,1.3,37.0,0.0,17.0,7.0,89.0,100.0,82.0,1
18.0,8.0,5.0,2.0,-0.0,61.0,76.0,43.0,100.0,100.0,77.0,7.91,22.37,33.0,6.0,7.0,-0.0,100.0,100.0,84.0,0
18.0,17.0,5.0,0.0,0.0,75.0,60.0,60.0,67.0,65.0,93.0,12.75,1.0,30.0,2.0,8.0,10.0,40.0,100.0,75.0,1
30.0,8.0,1.0,2.0,2.0,56.0,77.0,83.0,52.0,68.0,74.0,9.79,7.26,46.0,2.0,7.0,1.0,100.0,100.0,49.0,1
44.0,-0.0,3.0,0.0,0.0,70.0,81.0,66.0,100.0,54.0,42.0,14.39,12.04,24.0,3.0,7.0,1.0,68.0,40.0,71.0,0
18.0,4.0,4.0,2.0,7.0,70.0,70.0,63.0,100.0,72.0,64.0,13.15,6.55,21.0,0.0,2.0,5.0,84.0,100.0,57.0,1
18.0,7.0,3.0,0.0,3.0,75.0,97.0,94.0,100.0,14.0,82.0,1.0,3.53,22.0,1.0,16.0,4.0,72.0,100.0,70.0,1
18.0,13.0,1.0,6.0,10.0,64.0,71.0,83.0,6.0,54.0,74.0,1.0,1.0,48.0,0.0,6.0,3.0,57.0,100.0,56.0,0
60.0,17.0,2.0,4.0,10.0,63.0,81.0,5.0,96.0,57.0,84.0,1.0,32.14,26.0,0.0,0.0,3.0,100.0,40.0,93.0,1
60.0,7.0,2.0,2.0,-0.0,70.0,74.0,22.0,81.0,51.0,86.0,4.04,25.94,21.0,5.0,7.0,3.0,100.0,43.0,63.0,0
23.0,1.0,1.0,0.0,0.0,54.0,92.0,82.0,100.0,28.0,93.0,9.15,9.38,21.0,5.0,16.0,1.0,100.0,79.0,71.0,1
18.0,16.0,2.0,2.0,6.0,75.0,95.0,11.0,81.0,66.0,63.0,11.95,4.1,17.0,0.0,3.0,6.0,53.0,100.0,84.0,1
30.0,3.0,1.0,5.0,3.0,76.0,44.0,100.0,8.0,87.0,48.0,12.36,1.0,39.0,2.0,4.0,3.0,79.0,100.0,71.0,1
60.0,5.0,1.0,0.0,1.0,52.0,43.0,29.0,96.0,43.0,73.0,5.82,24.73,41.0,0.0,0.0,0.0,90.0,0.0,63.0,1
33.0,19.0,1.0,3.0,5.0,61.0,41.0,20.0,58.0,56.0,66.0,8.19,12.85,53.0,-0.0,1.0,6.0,74.0,100.0,53.0,1
40.0,0.0,1.0,-0.0,3.0,72.0,45.0,63.0,100.0,86.0,68.0,11.93,10.12,16.0,0.0,7.0,0.0,100.0,57.0,81.0,1
29.0,5.0,5.0,4.0,6.0,77.0,69.0,87.0,60.0,86.0,76.0,1.0,4.47,50.0,1.0,5.0,2.0,69.0,100.0,31.0,0
37.0,0.0,2.0,2.0,10.0,70.0,67.0,34.0,100.0,62.0,73.0,11.85,12.58,49.0,0.0,0.0,-0.0,68.0,0.0,62.0,0
32.0,0.0,2.0,-0.0,0.0,64.0,40.0,76.0,100.0,20.0,74.0,16.59,18.38,39.0,8.0,8.0,0.0,95.0,23.0,64.0,1
49.0,2.0,1.0,2.0,0.0,79.0,33.0,73.0,0.0,42.0,86.0,7.86,1.0,48.0,9.0,21.0,8.0,42.0,89.0,97.0,0
52.0,0.0,5.0,5.0,4.0,56.0,44.0,96.0,52.0,94.0,65.0,5.41,10.07,27.0,1.0,0.0,0.0,67.0,41.0,71.0,1
32.0,8.0,3.0,7.0,0.0,61.0,51.0,84.0,0.0,51.0,58.0,12.64,1.0,13.0,7.0,0.0,3.0,24.0,49.0,62.0,0
23.0,8.0,5.0,3.0,1.0,46.0,73.0,34.0,100.0,58.0,95.0,5.85,20.2,27.0,6.0,6.0,0.0,89.0,87.0,84.0,0
42.0,7.0,3.0,5.0,9.0,85.0,55.0,72.0,71.0,57.0,82.0,1.0,18.05,21.0,-0.0,2.0,1.0,100.0,64.0,52.0,0
18.0,8.0,1.0,3.0,4.0,43.0,59.0,47.0,51.0,37.0,87.0,6.59,1.0,3.0,5.0,14.0,1.0,41.0,79.0,77.0,0
18.0,8.0,5.0,2.0,0.0,58.0,82.0,54.0,100.0,99.0,53.0,7.39,10.87,32.0,7.0,14.0,0.0,100.0,100.0,72.0,0
41.0,17.0,1.0,5.0,1.0,38.0,72.0,55.0,28.0,54.0,71.0,14.25,15.09,21.0,2.0,0.0,3.0,88.0,89.0,58.0,1
35.0,2.0,2.0,1.0,10.0,59.0,65.0,54.0,100.0,100.0,56.0,5.56,15.37,60.0,0.0,0.0,-0.0,100.0,84.0,67.0,1
46.0,1.0,1.0,5.0,-0.0,58.0,63.0,100.0,0.0,88.0,64.0,12.34,1.0,63.0,3.0,0.0,0.0,56.0,31.0,61.0,1
18.0,9.0,5.0,3.0,1.0,71.0,75.0,38.0,92.0,68.0,68.0,7.32,7.15,0.0,7.0,12.0,2.0,75.0,100.0,56.0,0
49.0,4.0,2.0,0.0,2.0,54.0,73.0,41.0,100.0,26.0,78.0,6.06,22.6,37.0,1.0,14.0,4.0,100.0,73.0,95.0,1
39.0,13.0,1.0,-0.0,0.0,86.0,83.0,32.0,46.0,57.0,54.0,9.47,8.39,15.0,6.0,10.0,1.0,65.0,70.0,75.0,0
45.0,6.0,1.0,2.0,0.0,57.0,60.0,68.0,20.0,45.0,58.0,8.9,1.0,32.0,5.0,9.0,4.0,34.0,46.0,34.0,0
60.0,0.0,3.0,7.0,8.0,69.0,74.0,42.0,99.0,79.0,68.0,14.56,19.53,10.0,1.0,0.0,0.0,94.0,0.0,60.0,1
34.0,15.0,5.0,6.0,7.0,71.0,60.0,53.0,40.0,100.0,76.0,1.0,11.09,35.0,2.0,4.0,5.0,100.0,100.0,93.0,0
38.0,0.0,2.0,1.0,0.0,72.0,71.0,71.0,73.0,24.0,74.0,12.51,4.49,19.0,3.0,5.0,2.0,40.0,3.0,65.0,0
44.0,9.0,5.0,6.0,6.0,81.0,90.0,38.0,87.0,87.0,68.0,2.77,23.31,43.0,3.0,0.0,1.0,98.0,87.0,78.0,0
47.0,2.0,3.0,0.0,1.0,60.0,68.0,62.0,69.0,69.0,73.0,2.61,4.91,0.0,2.0,8.0,2.0,43.0,40.0,75.0,0
46.0,3.0,1.0,1.0,0.0,98.0,49.0,51.0,65.0,48.0,71.0,12.59,7.72,33.0,4.0,8.0,3.0,64.0,43.0,43.0,0
43.0,0.0,1.0,2.0,2.0,47.0,72.0,73.0,96.0,91.0,79.0,10.67,15.0,21.0,3.0,6.0,0.0,100.0,64.0,62.0,1
21.0,11.0,1.0,4.0,9.0,69.0,66.0,0.0,88.0,32.0,59.0,8.54,12.62,32.0,1.0,5.0,3.0,82.0,52.0,59.0,1
56.0,12.0,1.0,1.0,0.0,72.0,94.0,87.0,39.0,83.0,80.0,6.05,16.58,50.0,1.0,0.0,0.0,72.0,25.0,76.0,1
34.0,10.0,5.0,5.0,0.0,79.0,61.0,35.0,36.0,96.0,97.0,4.9,2.99,35.0,7.0,6.0,6.0,21.0,100.0,100.0,0
32.0,5.0,5.0,0.0,0.0,53.0,46.0,50.0,100.0,71.0,62.0,13.97,20.17,35.0,6.0,6.0,0.0,84.0,67.0,36.0,0
18.0,11.0,2.0,0.0,3.0,92.0,74.0,53.0,88.0,67.0,61.0,7.79,4.43,17.0,0.0,7.0,4.0,63.0,100.0,78.0,1
60.0,0.0,1.0,0.0,8.0,95.0,51.0,48.0,80.0,36.0,60.0,1.0,4.69,15.0,0.0,8.0,6.0,40.0,0.0,64.0,0
59.0,4.0,5.0,5.0,5.0,59.0,81.0,60.0,100.0,19.0,76.0,1.0,31.4,38.0,3.0,1.0,0.0,96.0,0.0,100.0,0
36.0,7.0,4.0,3.0,1.0,65.0,85.0,22.0,100.0,8.0,67.0,4.08,20.66,29.0,6.0,7.0,1.0,67.0,12.0,58.0,0
48.0,3.0,2.0,0.0,0.0,100.0,43.0,64.0,97.0,87.0,61.0,10.26,12.03,19.0,0.0,5.0,0.0,85.0,70.0,55.0,1
23.0,14.0,4.0,5.0,3.0,89.0,80.0,27.0,50.0,91.0,60.0,6.4,6.11,53.0,5.0,9.0,6.0,78.0,100.0,53.0,0
50.0,12.0,5.0,0.0,0.0,89.0,69.0,52.0,100.0,90.0,69.0,8.68,26.18,33.0,5.0,3.0,0.0,90.0,85.0,73.0,0
19.0,0.0,1.0,0.0,0.0,73.0,70.0,57.0,100.0,19.0,73.0,9.07,8.66,22.0,4.0,22.0,0.0,100.0,47.0,57.0,1
18.0,0.0,3.0,0.0,2.0,63.0,86.0,87.0,100.0,33.0,69.0,13.56,13.06,22.0,1.0,5.0,-0.0,99.0,57.0,68.0,1
18.0,9.0,2.0,2.0,0.0,88.0,92.0,76.0,70.0,58.0,77.0,19.59,8.83,48.0,4.0,1.0,-0.0,80.0,92.0,56.0,1
18.0,19.0,2.0,4.0,7.0,48.0,87.0,0.0,97.0,10.0,82.0,13.23,10.13,38.0,3.0,3.0,5.0,42.0,72.0,66.0,1
59.0,12.0,1.0,0.0,4.0,64.0,56.0,64.0,58.0,100.0,57.0,1.0,4.77,29.0,0.0,14.0,8.0,98.0,100.0,88.0,1
50.0,5.0,1.0,1.0,2.0,46.0,52.0,39.0,40.0,52.0,52.0,9.84,1.0,46.0,2.0,10.0,4.0,50.0,35.0,82.0,0
43.0,7.0,1.0,7.0,3.0,53.0,73.0,97.0,0.0,82.0,87.0,6.7,6.53,20.0,3.0,0.0,0.0,73.0,39.0,63.0,1
60.0,0.0,3.0,5.0,3.0,70.0,91.0,77.0,76.0,100.0,83.0,11.19,20.67,46.0,1.0,0.0,0.0,100.0,28.0,56.0,1
18.0,0.0,1.0,1.0,0.0,85.0,76.0,95.0,7.0,31.0,80.0,12.23,1.0,31.0,8.0,16.0,4.0,0.0,52.0,86.0,0
26.0,8.0,1.0,1.0,3.0,97.0,88.0,46.0,67.0,78.0,65.0,7.91,3.73,32.0,0.0,-0.0,0.0,40.0,26.0,84.0,0
31.0,0.0,1.0,-0.0,2.0,53.0,56.0,57.0,68.0,35.0,69.0,12.89,1.0,30.0,2.0,13.0,4.0,47.0,30.0,77.0,0
46.0,0.0,3.0,0.0,2.0,77.0,76.0,64.0,100.0,60.0,97.0,10.69,7.17,27.0,0.0,5.0,2.0,53.0,8.0,79.0,0
44.0,3.0,1.0,3.0,3.0,77.0,52.0,100.0,6.0,80.0,100.0,10.6,1.0,28.0,0.0,0.0,0.0,41.0,30.0,87.0,1
54.0,-0.0,4.0,9.0,10.0,46.0,68.0,85.0,20.0,97.0,65.0,5.4,7.39,32.0,0.0,0.0,0.0,55.0,1.0,78.0,1
18.0,13.0,2.0,0.0,3.0,78.0,75.0,47.0,100.0,15.0,71.0,5.28,8.03,43.0,1.0,11.0,2.0,69.0,90.0,83.0,1
18.0,9.0,5.0,0.0,0.0,52.0,58.0,22.0,100.0,8.0,56.0,8.94,11.91,26.0,6.0,18.0,5.0,67.0,100.0,70.0,1
52.0,0.0,5.0,0.0,0.0,72.0,67.0,48.0,100.0,0.0,100.0,3.06,40.53,27.0,4.0,5.0,0.0,100.0,0.0,73.0,0
32.0,4.0,5.0,0.0,0.0,64.0,66.0,69.0,84.0,59.0,69.0,12.09,10.46,24.0,6.0,4.0,0.0,46.0,43.0,76.0,0
32.0,8.0,5.0,2.0,3.0,57.0,75.0,65.0,100.0,56.0,80.0,3.07,16.71,79.0,3.0,11.0,6.0,100.0,100.0,62.0,0
22.0,12.0,2.0,2.0,4.0,50.0,71.0,54.0,73.0,32.0,54.0,3.34,7.37,18.0,3.0,15.0,8.0,93.0,100.0,63.0,0
45.0,8.0,1.0,1.0,10.0,75.0,59.0,0.0,100.0,76.0,86.0,7.85,14.51,5.0,0.0,7.0,6.0,100.0,88.0,94.0,1
24.0,0.0,2.0,1.0,7.0,55.0,74.0,66.0,100.0,32.0,61.0,10.25,1.28,41.0,-0.0,8.0,2.0,52.0,1.0,77.0,0
41.0,0.0,1.0,0.0,0.0,71.0,100.0,51.0,100.0,76.0,69.0,16.07,13.55,10.0,3.0,7.0,-0.0,100.0,61.0,45.0,1
41.0,4.0,4.0,0.0,5.0,67.0,77.0,73.0,100.0,82.0,88.0,4.52,20.54,32.0,0.0,10.0,4.0,100.0,100.0,36.0,1
18.0,1.0,4.0,0.0,0.0,67.0,64.0,53.0,100.0,100.0,53.0,16.46,12.96,58.0,1.0,0.0,0.0,78.0,67.0,54.0,0
48.0,3.0,3.0,5.0,8.0,48.0,69.0,88.0,44.0,93.0,64.0,4.55,9.11,27.0,0.0,0.0,0.0,73.0,39.0,53.0,1
60.0,0.0,5.0,6.0,7.0,85.0,73.0,60.0,100.0,92.0,66.0,9.35,25.1,29.0,-0.0,0.0,0.0,93.0,0.0,76.0,1
43.0,8.0,2.0,0.0,10.0,65.0,97.0,54.0,100.0,36.0,65.0,1.0,10.87,33.0,0.0,12.0,10.0,99.0,100.0,79.0,1
18.0,4.0,5.0,3.0,0.0,60.0,60.0,38.0,93.0,63.0,57.0,6.63,4.32,39.0,10.0,13.0,0.0,45.0,78.0,64.0,0
39.0,2.0,2.0,0.0,1.0,73.0,85.0,65.0,100.0,95.0,74.0,11.54,9.62,27.0,-0.0,6.0,1.0,91.0,87.0,52.0,1
18.0,15.0,1.0,3.0,10.0,42.0,43.0,0.0,83.0,95.0,83.0,11.27,1.57,32.0,0.0,0.0,5.0,55.0,100.0,71.0,1
48.0,15.0,5.0,5.0,5.0,76.0,87.0,37.0,100.0,100.0,86.0,2.72,36.7,14.0,2.0,0.0,3.0,100.0,100.0,87.0,0
32.0,13.0,1.0,7.0,9.0,100.0,90.0,44.0,67.0,24.0,56.0,1.0,20.7,41.0,2.0,5.0,1.0,100.0,63.0,75.0,0
27.0,8.0,1.0,1.0,0.0,45.0,64.0,52.0,79.0,64.0,62.0,13.41,11.28,17.0,3.0,1.0,0.0,71.0,57.0,46.0,1
47.0,4.0,2.0,2.0,2.0,77.0,54.0,47.0,100.0,62.0,61.0,8.15,17.55,15.0,2.0,7.0,2.0,100.0,70.0,91.0,1
23.0,0.0,2.0,2.0,0.0,70.0,86.0,84.0,43.0,57.0,70.0,12.82,1.0,36.0,6.0,15.0,4.0,48.0,85.0,83.0,0
36.0,1.0,4.0,4.0,7.0,56.0,55.0,93.0,81.0,100.0,99.0,6.67,11.95,26.0,0.0,-0.0,0.0,100.0,100.0,53.0,1
28.0,6.0,4.0,5.0,7.0,71.0,74.0,83.0,26.0,97.0,72.0,1.0,1.0,8.0,1.0,3.0,2.0,51.0,97.0,71.0,0
48.0,1.0,3.0,3.0,5.0,66.0,90.0,52.0,90.0,65.0,52.0,10.48,14.65,0.0,0.0,0.0,1.0,74.0,19.0,83.0,0
18.0,5.0,2.0,3.0,7.0,68.0,60.0,85.0,84.0,33.0,62.0,1.0,9.16,24.0,2.0,11.0,1.0,100.0,85.0,78.0,0
52.0,0.0,2.0,3.0,10.0,66.0,100.0,61.0,100.0,94.0,43.0,6.16,16.03,38.0,0.0,0.0,-0.0,100.0,28.0,55.0,1
46.0,-0.0,5.0,-0.0,2.0,91.0,60.0,34.0,100.0,70.0,74.0,1.0,26.61,47.0,3.0,8.0,0.0,100.0,46.0,79.0,0
24.0,0.0,1.0,0.0,5.0,79.0,71.0,61.0,92.0,48.0,84.0,12.01,1.0,26.0,0.0,6.0,1.0,35.0,4.0,79.0,0
46.0,4.0,3.0,0.0,2.0,69.0,88.0,83.0,100.0,81.0,90.0,5.24,14.35,63.0,0.0,7.0,1.0,100.0,100.0,62.0,1
27.0,0.0,1.0,-0.0,7.0,71.0,54.0,57.0,73.0,28.0,62.0,10.99,1.0,18.0,-0.0,17.0,6.0,40.0,16.0,66.0,0
18.0,10.0,2.0,6.0,10.0,81.0,69.0,92.0,23.0,96.0,56.0,1.0,1.0,18.0,1.0,8.0,2.0,79.0,100.0,63.0,0
27.0,14.0,1.0,0.0,0.0,79.0,45.0,97.0,51.0,59.0,59.0,10.0,4.72,36.0,4.0,14.0,0.0,91.0,100.0,74.0,1
54.0,1.0,1.0,3.0,0.0,65.0,47.0,100.0,36.0,90.0,65.0,12.27,7.44,27.0,2.0,0.0,0.0,77.0,35.0,57.0,1
18.0,0.0,5.0,0.0,8.0,58.0,63.0,64.0,100.0,100.0,76.0,12.24,5.83,51.0,0.0,14.0,7.0,100.0,100.0,25.0,1
18.0,8.0,4.0,1.0,2.0,56.0,77.0,64.0,100.0,13.0,58.0,7.37,15.38,33.0,2.0,9.0,3.0,96.0,86.0,60.0,1
50.0,1.0,3.0,7.0,6.0,63.0,86.0,60.0,46.0,79.0,86.0,8.53,12.04,47.0,3.0,0.0,0.0,77.0,28.0,85.0,1
43.0,10.0,1.0,3.0,0.0,57.0,99.0,95.0,3.0,70.0,52.0,5.23,3.68,18.0,1.0,0.0,0.0,41.0,10.0,48.0,1
28.0,6.0,5.0,3.0,1.0,70.0,60.0,45.0,100.0,39.0,98.0,3.01,18.57,36.0,6.0,9.0,1.0,82.0,74.0,77.0,0
40.0,14.0,1.0,0.0,0.0,66.0,87.0,95.0,10.0,51.0,61.0,4.03,6.46,50.0,5.0,6.0,0.0,51.0,46.0,79.0,1
24.0,9.0,5.0,4.0,0.0,87.0,82.0,0.0,91.0,86.0,53.0,11.99,14.02,42.0,12.0,8.0,2.0,44.0,100.0,73.0,0
60.0,10.0,1.0,4.0,6.0,65.0,90.0,0.0,87.0,100.0,92.0,15.28,28.4,6.0,0.0,0.0,2.0,100.0,57.0,56.0,1
18.0,12.0,3.0,0.0,0.0,53.0,66.0,44.0,93.0,45.0,77.0,11.75,7.2,19.0,4.0,9.0,3.0,61.0,100.0,66.0,1
27.0,0.0,1.0,0.0,0.0,100.0,73.0,55.0,95.0,54.0,65.0,10.27,1.0,6.0,4.0,23.0,4.0,54.0,70.0,90.0,0
18.0,1.0,2.0,0.0,-0.0,63.0,70.0,63.0,100.0,54.0,92.0,16.08,11.3,27.0,3.0,11.0,1.0,100.0,100.0,24.0,1
43.0,2.0,5.0,6.0,10.0,80.0,81.0,75.0,62.0,83.0,83.0,5.3,10.38,31.0,0.0,0.0,3.0,83.0,66.0,65.0,1
35.0,7.0,5.0,0.0,0.0,51.0,86.0,27.0,100.0,47.0,56.0,9.87,26.53,46.0,7.0,13.0,7.0,100.0,100.0,85.0,0
60.0,6.0,1.0,3.0,0.0,54.0,75.0,100.0,0.0,89.0,69.0,4.02,5.21,28.0,0.0,0.0,0.0,23.0,0.0,96.0,1
18.0,9.0,1.0,0.0,0.0,75.0,48.0,52.0,85.0,35.0,82.0,11.33,1.0,47.0,5.0,17.0,5.0,57.0,100.0,74.0,1
36.0,4.0,2.0,0.0,7.0,78.0,59.0,82.0,100.0,73.0,63.0,4.22,8.73,43.0,0.0,6.0,3.0,99.0,97.0,95.0,1
55.0,11.0,1.0,1.0,1.0,63.0,58.0,28.0,100.0,61.0,95.0,6.26,28.61,32.0,0.0,0.0,0.0,100.0,33.0,78.0,1
34.0,6.0,5.0,5.0,9.0,64.0,100.0,94.0,100.0,75.0,88.0,1.0,23.54,17.0,-0.0,2.0,0.0,100.0,100.0,72.0,0
47.0,8.0,2.0,6.0,10.0,70.0,64.0,100.0,15.0,45.0,72.0,1.0,5.14,31.0,2.0,13.0,6.0,100.0,100.0,58.0,0
47.0,0.0,1.0,9.0,6.0,73.0,91.0,100.0,0.0,100.0,73.0,11.47,1.0,25.0,1.0,0.0,0.0,71.0,13.0,64.0,1
18.0,12.0,1.0,4.0,10.0,61.0,76.0,97.0,16.0,77.0,84.0,1.0,1.0,35.0,0.0,13.0,4.0,72.0,100.0,70.0,0
18.0,14.0,5.0,3.0,5.0,68.0,65.0,82.0,33.0,100.0,57.0,2.43,1.0,16.0,2.0,14.0,10.0,95.0,100.0,64.0,0
60.0,11.0,5.0,5.0,4.0,51.0,50.0,28.0,100.0,70.0,82.0,1.0,49.81,0.0,3.0,0.0,3.0,100.0,100.0,71.0,0
39.0,4.0,2.0,3.0,0.0,45.0,80.0,100.0,17.0,100.0,56.0,8.22,1.13,52.0,2.0,1.0,0.0,69.0,88.0,74.0,1
24.0,19.0,1.0,2.0,-0.0,78.0,81.0,86.0,11.0,64.0,69.0,5.24,3.74,47.0,2.0,6.0,2.0,84.0,100.0,25.0,1
42.0,6.0,3.0,0.0,0.0,78.0,87.0,48.0,85.0,76.0,68.0,7.93,12.69,47.0,4.0,6.0,-0.0,68.0,61.0,79.0,0
38.0,8.0,4.0,0.0,0.0,78.0,83.0,42.0,100.0,65.0,64.0,8.23,11.91,33.0,-0.0,12.0,6.0,72.0,100.0,78.0,1
35.0,1.0,1.0,2.0,2.0,61.0,70.0,67.0,7.0,56.0,68.0,4.16,1.0,28.0,3.0,14.0,5.0,7.0,43.0,53.0,0
44.0,3.0,2.0,6.0,8.0,81.0,78.0,71.0,47.0,84.0,73.0,5.01,9.28,20.0,-0.0,0.0,0.0,76.0,30.0,82.0,1
40.0,11.0,5.0,4.0,3.0,63.0,39.0,60.0,59.0,55.0,62.0,1.0,12.57,19.0,5.0,11.0,7.0,85.0,100.0,58.0,0
25.0,6.0,3.0,2.0,7.0,62.0,78.0,100.0,68.0,38.0,88.0,1.0,3.73,37.0,0.0,8.0,4.0,77.0,96.0,47.0,0
18.0,2.0,2.0,0.0,0.0,92.0,86.0,28.0,100.0,0.0,86.0,12.18,1.0,39.0,7.0,16.0,2.0,11.0,0.0,81.0,0
35.0,11.0,5.0,6.0,0.0,42.0,62.0,0.0,85.0,74.0,45.0,6.92,22.24,23.0,13.0,7.0,1.0,58.0,74.0,82.0,0
48.0,10.0,1.0,4.0,0.0,64.0,74.0,93.0,33.0,82.0,61.0,1.2,17.16,42.0,3.0,0.0,0.0,95.0,37.0,84.0,1
22.0,8.0,2.0,-0.0,9.0,78.0,61.0,75.0,100.0,71.0,78.0,2.84,5.86,31.0,0.0,6.0,4.0,91.0,100.0,81.0,1
